-- phpMyAdmin SQL Dump
-- version 4.7.7
-- https://www.phpmyadmin.net/
--
-- Host: localhost
-- Generation Time: Dec 20, 2018 at 12:11 AM
-- Server version: 10.1.30-MariaDB
-- PHP Version: 7.2.1

SET SQL_MODE = "NO_AUTO_VALUE_ON_ZERO";
SET AUTOCOMMIT = 0;
START TRANSACTION;
SET time_zone = "+00:00";


/*!40101 SET @OLD_CHARACTER_SET_CLIENT=@@CHARACTER_SET_CLIENT */;
/*!40101 SET @OLD_CHARACTER_SET_RESULTS=@@CHARACTER_SET_RESULTS */;
/*!40101 SET @OLD_COLLATION_CONNECTION=@@COLLATION_CONNECTION */;
/*!40101 SET NAMES utf8mb4 */;

--
-- Database: `create-api`
--

-- --------------------------------------------------------

--
-- Table structure for table `migrations`
--

CREATE TABLE `migrations` (
  `id` int(10) UNSIGNED NOT NULL,
  `migration` varchar(191) COLLATE utf8mb4_unicode_ci NOT NULL,
  `batch` int(11) NOT NULL
) ENGINE=InnoDB DEFAULT CHARSET=utf8mb4 COLLATE=utf8mb4_unicode_ci;

--
-- Dumping data for table `migrations`
--

INSERT INTO `migrations` (`id`, `migration`, `batch`) VALUES
(1, '2014_10_12_000000_create_users_table', 1),
(2, '2014_10_12_100000_create_password_resets_table', 1),
(3, '2018_12_19_200112_create_products_table', 1),
(4, '2018_12_19_200135_create_reviews_table', 1);

-- --------------------------------------------------------

--
-- Table structure for table `password_resets`
--

CREATE TABLE `password_resets` (
  `email` varchar(191) COLLATE utf8mb4_unicode_ci NOT NULL,
  `token` varchar(191) COLLATE utf8mb4_unicode_ci NOT NULL,
  `created_at` timestamp NULL DEFAULT NULL
) ENGINE=InnoDB DEFAULT CHARSET=utf8mb4 COLLATE=utf8mb4_unicode_ci;

-- --------------------------------------------------------

--
-- Table structure for table `products`
--

CREATE TABLE `products` (
  `id` int(10) UNSIGNED NOT NULL,
  `name` varchar(191) COLLATE utf8mb4_unicode_ci NOT NULL,
  `detail` text COLLATE utf8mb4_unicode_ci NOT NULL,
  `price` int(11) NOT NULL,
  `stock` int(11) NOT NULL,
  `discount` int(11) NOT NULL,
  `created_at` timestamp NULL DEFAULT NULL,
  `updated_at` timestamp NULL DEFAULT NULL
) ENGINE=InnoDB DEFAULT CHARSET=utf8mb4 COLLATE=utf8mb4_unicode_ci;

--
-- Dumping data for table `products`
--

INSERT INTO `products` (`id`, `name`, `detail`, `price`, `stock`, `discount`, `created_at`, `updated_at`) VALUES
(1, 'repudiandae', 'Et rerum et molestiae perferendis rerum. Ut architecto fugit culpa culpa. Magnam voluptatum vel delectus repudiandae nesciunt.', 897, 9, 12, '2018-12-19 22:08:55', '2018-12-19 22:08:55'),
(2, 'fugit', 'Neque rerum libero iste dolore. Quas possimus est iste temporibus vitae sunt. Est molestias quas ea temporibus perferendis est at. Consequatur doloribus amet suscipit aliquam vel inventore iusto exercitationem.', 700, 4, 13, '2018-12-19 22:08:55', '2018-12-19 22:08:55'),
(3, 'quaerat', 'Vel et inventore perferendis accusamus velit in. Aliquam similique aut ut vel vel facere error. Quo est ut culpa quia et. Excepturi incidunt voluptatem assumenda similique ratione sit quis aut.', 348, 4, 22, '2018-12-19 22:08:55', '2018-12-19 22:08:55'),
(4, 'commodi', 'Autem id laborum dignissimos pariatur temporibus velit quaerat. Laboriosam natus saepe eligendi vel. At cupiditate enim non dicta. Natus est atque voluptatum quia officiis corrupti.', 961, 9, 25, '2018-12-19 22:08:55', '2018-12-19 22:08:55'),
(5, 'nihil', 'Mollitia esse aut quam similique explicabo labore. Repellendus rerum qui praesentium adipisci. Sunt ipsam libero deserunt qui. Ab iure repellendus ea beatae.', 688, 3, 21, '2018-12-19 22:08:55', '2018-12-19 22:08:55'),
(6, 'quae', 'Facilis voluptas id ea quia qui id molestiae suscipit. Eum optio non fuga deleniti unde. Occaecati voluptatem exercitationem totam ut eos. Eum iste explicabo totam cum voluptatem.', 744, 4, 29, '2018-12-19 22:08:55', '2018-12-19 22:08:55'),
(7, 'voluptas', 'Eos eos suscipit quod itaque consequatur. Autem molestias odit nobis delectus ex temporibus.', 464, 7, 22, '2018-12-19 22:08:55', '2018-12-19 22:08:55'),
(8, 'vel', 'Hic sint sit distinctio accusamus. Maiores veritatis unde odio occaecati. Ut eveniet ut est et autem. Sunt labore nulla porro magni at voluptatibus et.', 629, 9, 17, '2018-12-19 22:08:55', '2018-12-19 22:08:55'),
(9, 'et', 'Dolores sit illum accusamus nemo ea exercitationem. Quisquam doloribus esse eveniet delectus. Expedita id explicabo fuga dolor perspiciatis saepe.', 333, 6, 12, '2018-12-19 22:08:55', '2018-12-19 22:08:55'),
(10, 'dolorum', 'Quibusdam provident est voluptas voluptas voluptatem. Consequuntur reiciendis mollitia unde ad nisi suscipit. Tempora eveniet qui sint impedit sit nihil eos. Illum est ut voluptatem quae quibusdam porro. Impedit consequatur aut quia quia dolore enim enim.', 962, 1, 17, '2018-12-19 22:08:55', '2018-12-19 22:08:55'),
(11, 'voluptas', 'Voluptatibus odio dolorem natus atque maiores. Odio reprehenderit quae dolorem aut repellat. Voluptatibus ipsum dolores qui et non minus et. Iure similique sequi temporibus vel consequuntur tempora quibusdam.', 844, 6, 8, '2018-12-19 22:08:55', '2018-12-19 22:08:55'),
(12, 'explicabo', 'Veritatis voluptates ea aut delectus quis temporibus. Repudiandae sit architecto quia. Aliquam est veniam ratione facilis harum. Pariatur ratione modi soluta ipsum.', 224, 6, 8, '2018-12-19 22:08:55', '2018-12-19 22:08:55'),
(13, 'hic', 'Cupiditate rerum est occaecati nihil adipisci nemo veritatis. Veritatis et reprehenderit dolor provident sequi dolorum in. Dicta voluptates saepe repellat dolorem.', 285, 7, 25, '2018-12-19 22:08:55', '2018-12-19 22:08:55'),
(14, 'sit', 'Dignissimos sequi magni voluptatibus consequatur rerum. Et nisi eaque repellendus odio tenetur deserunt reiciendis. Quia ducimus aliquid iure inventore deserunt. Voluptatem totam omnis ut facere in.', 452, 8, 22, '2018-12-19 22:08:55', '2018-12-19 22:08:55'),
(15, 'cum', 'Rerum doloremque officia aspernatur reprehenderit cum est. Saepe et omnis amet omnis et. Autem doloribus odio minus illo fugiat eligendi cumque. Voluptate ex qui provident saepe qui.', 828, 3, 8, '2018-12-19 22:08:55', '2018-12-19 22:08:55'),
(16, 'provident', 'Eaque occaecati nobis blanditiis perspiciatis totam. Similique nulla beatae quos tempore ut. Et itaque laboriosam eius consequuntur.', 858, 2, 8, '2018-12-19 22:08:55', '2018-12-19 22:08:55'),
(17, 'voluptas', 'Omnis reiciendis vitae enim iusto. Maxime sed eos inventore omnis qui incidunt totam. Non rem et non ipsam nostrum necessitatibus totam. Ut dolores ipsam praesentium excepturi eos rem explicabo temporibus.', 696, 9, 4, '2018-12-19 22:08:55', '2018-12-19 22:08:55'),
(18, 'doloribus', 'Ut deleniti nostrum aut eum qui laborum et. Voluptatum vel ut aperiam veritatis et. Modi laudantium recusandae aspernatur at sunt.', 796, 9, 28, '2018-12-19 22:08:55', '2018-12-19 22:08:55'),
(19, 'et', 'Et velit accusantium dicta sint. Voluptatem eligendi asperiores facilis voluptatem aliquam. Incidunt fuga deleniti placeat iste earum veniam molestiae.', 246, 7, 30, '2018-12-19 22:08:55', '2018-12-19 22:08:55'),
(20, 'culpa', 'Quia corrupti delectus est. Quas a qui dolores architecto consequuntur natus ex inventore. Deleniti asperiores voluptatem omnis commodi voluptatem nam. Voluptas asperiores qui et autem est aperiam labore.', 319, 0, 27, '2018-12-19 22:08:55', '2018-12-19 22:08:55'),
(21, 'esse', 'Non error officia eos quia. Reprehenderit qui blanditiis dolor et cum. Quibusdam blanditiis molestias sint ratione. Et libero dolore fugiat incidunt. At asperiores praesentium quo rem eaque animi numquam.', 804, 2, 27, '2018-12-19 22:08:55', '2018-12-19 22:08:55'),
(22, 'veniam', 'Id consequatur nihil facilis nihil numquam pariatur. Et vel consequatur ea assumenda quae consequatur. Praesentium iste quod assumenda quaerat. Sint qui et sed blanditiis aut natus.', 505, 1, 20, '2018-12-19 22:08:55', '2018-12-19 22:08:55'),
(23, 'nemo', 'Molestiae earum tenetur alias molestiae quia non et. Fugit est ducimus repellat repudiandae reiciendis ut placeat. Et eveniet iure quis nam. Odio recusandae suscipit ea veritatis sapiente eveniet dolor.', 111, 7, 11, '2018-12-19 22:08:55', '2018-12-19 22:08:55'),
(24, 'qui', 'Voluptatum voluptatem sed est. Qui in ab cupiditate quas nisi libero. Quod et aut sit sint. Vitae illo unde repellat voluptates.', 361, 7, 24, '2018-12-19 22:08:55', '2018-12-19 22:08:55'),
(25, 'distinctio', 'Odit odio qui et repudiandae fugiat tempore hic. Id ipsam ad temporibus magni dolores maxime placeat eius. A et praesentium sunt ex consequatur molestiae.', 372, 2, 19, '2018-12-19 22:08:55', '2018-12-19 22:08:55'),
(26, 'eos', 'Vel modi sint veniam assumenda deleniti ut accusamus totam. Quis maiores eveniet similique molestias accusantium aut. Nisi officiis libero et accusantium. Minima dolorum ab dignissimos deleniti eligendi qui repudiandae.', 641, 0, 30, '2018-12-19 22:08:55', '2018-12-19 22:08:55'),
(27, 'libero', 'Quidem magnam soluta animi et. Magni ut ducimus dolorem porro rerum sed. Eveniet soluta impedit non excepturi eveniet odio. Veniam aliquam sed consequuntur numquam.', 572, 4, 8, '2018-12-19 22:08:55', '2018-12-19 22:08:55'),
(28, 'voluptatem', 'Expedita facilis ipsum voluptatem at porro quo. Enim expedita cumque molestiae. Et culpa et vitae asperiores assumenda alias. Aut molestias eum quibusdam impedit corporis sit culpa.', 157, 4, 2, '2018-12-19 22:08:55', '2018-12-19 22:08:55'),
(29, 'sint', 'Quo voluptates maxime eum amet delectus nisi. Eligendi saepe architecto assumenda nemo in est. Fugit et corporis est officia est. Qui qui et et rerum. Mollitia ut velit officia esse sit quibusdam.', 269, 6, 22, '2018-12-19 22:08:55', '2018-12-19 22:08:55'),
(30, 'et', 'Modi reprehenderit et commodi quis dolore omnis ratione. Ut officia ratione eius possimus. Ut nihil et cum neque dignissimos sint.', 204, 8, 13, '2018-12-19 22:08:55', '2018-12-19 22:08:55'),
(31, 'rerum', 'Eligendi quis ab maiores voluptatem aliquid. Cumque provident suscipit saepe a. Quo rerum maxime dignissimos eveniet.', 778, 7, 27, '2018-12-19 22:08:55', '2018-12-19 22:08:55'),
(32, 'aut', 'Et et est quis error eum. Dolorum aut impedit rerum. Et saepe sit rem iure. Eius sit in impedit eius natus dolorem.', 632, 1, 10, '2018-12-19 22:08:55', '2018-12-19 22:08:55'),
(33, 'quaerat', 'Laboriosam itaque et facere amet et totam id. Voluptates autem explicabo numquam et repudiandae adipisci reprehenderit. Magnam et qui earum commodi. Harum odio nulla asperiores dolores perspiciatis corporis. Consequatur distinctio voluptatum incidunt nulla quibusdam asperiores quas.', 826, 3, 30, '2018-12-19 22:08:55', '2018-12-19 22:08:55'),
(34, 'eaque', 'Dolorem magnam praesentium fuga facere atque nisi facere quia. Ut nisi eum mollitia occaecati. Quam voluptatem ab eaque dolores sint reiciendis. Ratione culpa velit vero tempora qui.', 894, 2, 27, '2018-12-19 22:08:55', '2018-12-19 22:08:55'),
(35, 'eveniet', 'Totam sequi amet hic est rerum. Tempore consequatur ea saepe incidunt pariatur molestias ut. Fugiat ducimus quam sed vel molestiae voluptatibus.', 481, 2, 27, '2018-12-19 22:08:55', '2018-12-19 22:08:55'),
(36, 'dolorem', 'Qui vel ut aut. Sint quas eum officia ut voluptas. Asperiores molestiae in perferendis natus ipsam neque aut.', 536, 9, 10, '2018-12-19 22:08:55', '2018-12-19 22:08:55'),
(37, 'est', 'Voluptatem dolorem illum voluptates quos repudiandae velit in. Veritatis vel quos qui ipsum qui non doloribus. Et iure explicabo nostrum cupiditate aut atque.', 607, 9, 20, '2018-12-19 22:08:55', '2018-12-19 22:08:55'),
(38, 'deleniti', 'Quam illum facilis sint officia blanditiis deleniti. Maiores eveniet pariatur nobis iure numquam. Et laudantium eum eum dolor doloribus consequuntur.', 453, 0, 23, '2018-12-19 22:08:55', '2018-12-19 22:08:55'),
(39, 'architecto', 'Cumque vel inventore molestiae adipisci praesentium consequatur. Rem omnis magnam deleniti. Unde molestiae molestiae dolorem neque consequatur magnam earum. Corporis et dolor ex.', 515, 6, 26, '2018-12-19 22:08:55', '2018-12-19 22:08:55'),
(40, 'aut', 'Voluptatem eaque et numquam dolorum aut voluptas. Et aut voluptas rem. Quod quaerat ratione quos voluptatem cupiditate et.', 540, 4, 16, '2018-12-19 22:08:55', '2018-12-19 22:08:55'),
(41, 'unde', 'Et ipsam molestiae voluptas et modi officiis molestiae. Ut fugit qui dolore perspiciatis dolor eos non. Voluptas quas nam qui rerum reiciendis dolores. Tenetur quos laborum explicabo et assumenda.', 444, 7, 3, '2018-12-19 22:08:55', '2018-12-19 22:08:55'),
(42, 'rerum', 'Dolores deleniti dolorum blanditiis. Est possimus nihil et sint pariatur. Qui accusamus laboriosam eveniet quos pariatur est.', 724, 4, 19, '2018-12-19 22:08:55', '2018-12-19 22:08:55'),
(43, 'recusandae', 'Inventore et deleniti ut nulla nihil ratione quis. Excepturi adipisci quidem ut doloremque asperiores aut est.', 746, 1, 4, '2018-12-19 22:08:55', '2018-12-19 22:08:55'),
(44, 'rem', 'Eveniet ea reiciendis dolor ut culpa qui omnis. Molestias vero ad rerum eius et quia. Cumque similique deserunt qui blanditiis voluptates id harum.', 548, 4, 12, '2018-12-19 22:08:55', '2018-12-19 22:08:55'),
(45, 'vitae', 'Natus id nulla reiciendis eos. Porro totam error et pariatur. Sequi fugit accusantium et itaque modi et eum. Voluptatem dicta magnam pariatur aut quisquam voluptas fugit. Fugiat nihil at voluptates beatae velit id.', 605, 1, 14, '2018-12-19 22:08:55', '2018-12-19 22:08:55'),
(46, 'numquam', 'Molestiae odit dignissimos totam dolores facere. Eaque eveniet quia id asperiores id voluptatem non saepe. Ea quod nesciunt ea nobis in expedita eum. Deserunt odit est officiis temporibus suscipit.', 582, 8, 14, '2018-12-19 22:08:55', '2018-12-19 22:08:55'),
(47, 'aut', 'Dolor accusantium sapiente magnam fugiat vel consequuntur quia. Similique neque nostrum error odio nemo.', 232, 5, 27, '2018-12-19 22:08:55', '2018-12-19 22:08:55'),
(48, 'consequatur', 'Autem doloribus et omnis perferendis ipsa laborum repellendus. Quia blanditiis aut illo sequi. Qui minima in aut illum laudantium. Omnis fugiat quas repudiandae ipsum et sapiente veniam.', 288, 5, 15, '2018-12-19 22:08:55', '2018-12-19 22:08:55'),
(49, 'incidunt', 'Libero quibusdam eaque fugiat nisi dolorem. Atque consequatur tempora voluptatem enim. Et eius quaerat similique possimus nisi nihil omnis eveniet. Ipsum dolorem omnis dolor repellendus quo et veniam vel.', 918, 8, 22, '2018-12-19 22:08:55', '2018-12-19 22:08:55'),
(50, 'magni', 'Ducimus esse voluptas ut repellat dolorum. Pariatur consectetur velit magni sint autem. Ad ipsum minus quas et consectetur.', 735, 7, 12, '2018-12-19 22:08:55', '2018-12-19 22:08:55');

-- --------------------------------------------------------

--
-- Table structure for table `reviews`
--

CREATE TABLE `reviews` (
  `id` int(10) UNSIGNED NOT NULL,
  `product_id` int(10) UNSIGNED NOT NULL,
  `customer` varchar(191) COLLATE utf8mb4_unicode_ci NOT NULL,
  `review` text COLLATE utf8mb4_unicode_ci NOT NULL,
  `star` int(11) NOT NULL,
  `created_at` timestamp NULL DEFAULT NULL,
  `updated_at` timestamp NULL DEFAULT NULL
) ENGINE=InnoDB DEFAULT CHARSET=utf8mb4 COLLATE=utf8mb4_unicode_ci;

--
-- Dumping data for table `reviews`
--

INSERT INTO `reviews` (`id`, `product_id`, `customer`, `review`, `star`, `created_at`, `updated_at`) VALUES
(1, 6, 'Keagan Morissette DDS', 'Tempora alias quo voluptas ipsam. Quia dolorem recusandae quos quo ducimus cum. Fugit maiores accusantium consequatur quisquam inventore eaque eligendi tempora.', 3, '2018-12-19 22:08:55', '2018-12-19 22:08:55'),
(2, 32, 'Kylie Mann', 'Non voluptate magni quo reiciendis eos. Aut aspernatur assumenda et a dolor neque distinctio modi. Ullam sit ut labore optio. Aut ab nam nostrum et qui voluptatem quia.', 4, '2018-12-19 22:08:55', '2018-12-19 22:08:55'),
(3, 10, 'Crawford Howell', 'Quidem enim eum et facilis maxime placeat nulla. Quo deleniti voluptatem ea non consequatur. Incidunt fugiat atque sit ad voluptatem aut aspernatur molestiae. Provident dolor sint qui.', 4, '2018-12-19 22:08:55', '2018-12-19 22:08:55'),
(4, 32, 'Margaretta Brakus', 'Sunt sint voluptatem autem occaecati est rerum in. Atque praesentium et maxime. Doloremque et illum ut rerum. Omnis autem repellendus quia aut qui sunt.', 0, '2018-12-19 22:08:55', '2018-12-19 22:08:55'),
(5, 46, 'Miss Ericka Schroeder DDS', 'Doloribus odio sint ea et et. Totam aut et occaecati.', 2, '2018-12-19 22:08:55', '2018-12-19 22:08:55'),
(6, 47, 'Therese Hamill', 'Distinctio deleniti perspiciatis dolore. Explicabo voluptas et ab reprehenderit adipisci quasi et officia. Qui laudantium autem voluptatem ullam sed.', 4, '2018-12-19 22:08:55', '2018-12-19 22:08:55'),
(7, 18, 'Clementina Barrows II', 'Saepe enim quae repudiandae at. Nemo sunt ad in et enim reiciendis. Magni architecto earum veritatis sint. Consequuntur doloremque ipsam cumque sit deleniti.', 5, '2018-12-19 22:08:55', '2018-12-19 22:08:55'),
(8, 28, 'Augusta Johns', 'Ut velit eaque minus expedita saepe. Modi perferendis tempora excepturi dolorem modi animi quo. Eaque ducimus tenetur qui cum cumque. Est necessitatibus eum necessitatibus.', 5, '2018-12-19 22:08:55', '2018-12-19 22:08:55'),
(9, 7, 'Adolphus Lindgren I', 'Saepe sit dolore non id suscipit repellendus. Qui quaerat officia natus. Voluptatum harum sit qui aspernatur labore quisquam explicabo. Eos sed rerum aperiam maiores.', 1, '2018-12-19 22:08:55', '2018-12-19 22:08:55'),
(10, 39, 'Viviane Fritsch', 'Vero ab eum inventore iste reiciendis similique. Corrupti officia sint fugit exercitationem. Consequatur ea et accusantium autem eum quos et et. Occaecati et in quia sit et at perspiciatis.', 4, '2018-12-19 22:08:55', '2018-12-19 22:08:55'),
(11, 43, 'Desiree Upton', 'Ab optio placeat est sed est pariatur. Earum velit ipsum non esse impedit aperiam quia. Eaque excepturi veniam quia iusto quia. Eos quo pariatur esse dicta dolore dolores.', 0, '2018-12-19 22:08:55', '2018-12-19 22:08:55'),
(12, 30, 'Arnoldo Abshire', 'Sit earum laboriosam voluptate est. Eius unde totam dolor aperiam molestiae magni aspernatur consequuntur. Quibusdam quo maiores id voluptatem maiores iure. Ea quod eos ut provident voluptatem.', 0, '2018-12-19 22:08:55', '2018-12-19 22:08:55'),
(13, 23, 'Ethyl Sauer', 'Sunt ea aliquid unde ut distinctio omnis. Omnis et tenetur ut perspiciatis nobis. Atque nihil voluptas fuga fugiat.', 2, '2018-12-19 22:08:55', '2018-12-19 22:08:55'),
(14, 32, 'Meta Effertz', 'Consectetur aut reiciendis unde inventore. Dolorem laborum placeat reiciendis consequatur quisquam. Sapiente quisquam eveniet labore aut.', 4, '2018-12-19 22:08:55', '2018-12-19 22:08:55'),
(15, 21, 'Mrs. Vita Lesch', 'Tempore harum aperiam et rerum tempora ipsam. Placeat vel est sit voluptate cumque architecto soluta. Voluptas qui quia non explicabo ratione rerum cum.', 3, '2018-12-19 22:08:55', '2018-12-19 22:08:55'),
(16, 36, 'Marshall Kris', 'Autem perferendis quae molestiae modi. Ut cum quis eum eum. Quis perferendis ratione facere impedit earum cum. Totam dolores velit repudiandae facere ut quas et.', 5, '2018-12-19 22:08:55', '2018-12-19 22:08:55'),
(17, 23, 'Rhett Bergstrom', 'Ut animi in quos quaerat. Totam velit ad dolorem fugit sapiente aut dolorem.', 3, '2018-12-19 22:08:55', '2018-12-19 22:08:55'),
(18, 1, 'Alene Adams', 'Nemo sunt ea iure est ea repellendus. Commodi et explicabo illum voluptatem rem eligendi. In ducimus aliquid reprehenderit quidem.', 5, '2018-12-19 22:08:55', '2018-12-19 22:08:55'),
(19, 13, 'Ms. Tiana Borer', 'Illum qui minima aliquid illo enim maiores. Quos ullam harum neque iusto qui fugit omnis. Quia atque necessitatibus ut aut dolor esse. Iusto repellat nulla exercitationem ut suscipit libero inventore.', 5, '2018-12-19 22:08:55', '2018-12-19 22:08:55'),
(20, 46, 'Otho Wiegand II', 'Voluptates magnam ex placeat temporibus et deserunt asperiores. Ex et suscipit autem deleniti. Et eaque totam est ut quo dolores possimus.', 3, '2018-12-19 22:08:55', '2018-12-19 22:08:55'),
(21, 28, 'Annabelle Greenholt', 'Cumque error optio eum quam illum corrupti repellendus. Omnis iusto et aut. Ut corrupti ipsam sit aut aperiam consequatur. Quis reiciendis aut asperiores accusantium ea. Sint sint optio est amet.', 5, '2018-12-19 22:08:55', '2018-12-19 22:08:55'),
(22, 50, 'Suzanne Marvin', 'Porro ea vel nulla voluptatibus quia dolore inventore laborum. Dolorem voluptas adipisci explicabo et. Veritatis vero totam corrupti velit inventore illum dolores. Facere quia cum aperiam nobis consequatur aut vel impedit.', 2, '2018-12-19 22:08:55', '2018-12-19 22:08:55'),
(23, 44, 'Mrs. Phoebe Howell Jr.', 'Quia cum eaque voluptatum amet. Atque incidunt ut et. At commodi qui eum vitae qui at.', 2, '2018-12-19 22:08:55', '2018-12-19 22:08:55'),
(24, 11, 'Jovani Hoeger Jr.', 'Fugit itaque aut eius dolorem sit et eos. Numquam eum eos aperiam nobis voluptas. Ut nulla sunt recusandae et.', 4, '2018-12-19 22:08:55', '2018-12-19 22:08:55'),
(25, 19, 'Nestor Rodriguez', 'Corrupti expedita et facere officiis doloremque similique. Dolorum velit odio a et ipsum blanditiis harum. Tempore iste iste aperiam vel.', 3, '2018-12-19 22:08:55', '2018-12-19 22:08:55'),
(26, 6, 'Eryn Metz', 'Praesentium iusto id quo blanditiis perferendis eos dolores. Sit voluptatum quos mollitia temporibus qui laboriosam. Consequatur dignissimos blanditiis rerum.', 4, '2018-12-19 22:08:55', '2018-12-19 22:08:55'),
(27, 5, 'Lucas Schumm I', 'Nam iure dolorem eos alias voluptates possimus. Amet sed omnis ea quis qui. Quisquam velit dolores culpa omnis voluptas modi. Facere qui ut vel est quis.', 5, '2018-12-19 22:08:55', '2018-12-19 22:08:55'),
(28, 26, 'Ms. Maci Gerlach', 'Maiores qui dolores quidem nemo placeat esse. Ad inventore non ex. Omnis cumque nobis neque optio rerum.', 0, '2018-12-19 22:08:55', '2018-12-19 22:08:55'),
(29, 17, 'Lorna Crooks', 'Quod perspiciatis molestias placeat itaque non ea dolorem. Aut nostrum impedit sit dignissimos maxime laudantium excepturi iure. Repudiandae excepturi suscipit saepe et non. Fuga nesciunt ut voluptatibus nesciunt nostrum.', 5, '2018-12-19 22:08:55', '2018-12-19 22:08:55'),
(30, 16, 'Summer Streich', 'Reiciendis et alias aut a voluptas. Beatae quae rem quia quasi officiis illo voluptate dolores.', 3, '2018-12-19 22:08:55', '2018-12-19 22:08:55'),
(31, 34, 'Mr. Rogelio Ortiz', 'Possimus voluptas consequatur voluptates aut saepe facilis sed. Similique rerum fugit totam et vero mollitia laborum numquam. Assumenda provident repellat veniam et quia inventore. Officia quidem amet et aut quis pariatur voluptatem.', 0, '2018-12-19 22:08:55', '2018-12-19 22:08:55'),
(32, 45, 'Ada Goldner', 'Consequatur sit dolores fugiat esse sit voluptates ab et. Optio non et corporis. Delectus est quis nesciunt qui qui fugiat. Ut consequatur dolorem sapiente voluptatibus incidunt sed sit.', 3, '2018-12-19 22:08:55', '2018-12-19 22:08:55'),
(33, 24, 'Clay Bashirian', 'Vitae in omnis aliquam sit. Velit minima optio commodi quia rerum aut quam. Voluptatem ab nulla et soluta nesciunt nulla. Perferendis eos quia quia minima ea tenetur beatae.', 1, '2018-12-19 22:08:55', '2018-12-19 22:08:55'),
(34, 15, 'Mr. Edgar Wisozk IV', 'Autem occaecati debitis incidunt fugiat. Impedit assumenda sint impedit. Consectetur laboriosam dolor ut esse sint.', 4, '2018-12-19 22:08:55', '2018-12-19 22:08:55'),
(35, 35, 'Garrett Emmerich', 'Dolore nihil odio odio sapiente est. Excepturi voluptatum quia architecto similique iste et dolorum. Et eos sed veniam asperiores eveniet amet. Iusto sunt perferendis cumque pariatur eveniet fuga et voluptatem. Debitis qui voluptas et ut.', 0, '2018-12-19 22:08:55', '2018-12-19 22:08:55'),
(36, 49, 'Mrs. Jazmyn Schumm', 'Exercitationem sunt rem nihil dolorum voluptatem aut perspiciatis. Saepe omnis nihil voluptatem. Doloremque reprehenderit totam eius nemo.', 3, '2018-12-19 22:08:55', '2018-12-19 22:08:55'),
(37, 44, 'Neva Hintz', 'Saepe quia qui beatae quod magni sit officia. Quisquam dolores non quia ut. Repellendus molestias tempora voluptatem ut. Exercitationem nesciunt omnis asperiores consectetur in.', 4, '2018-12-19 22:08:55', '2018-12-19 22:08:55'),
(38, 25, 'Oral Hoeger', 'Accusamus magnam quia ipsam voluptatem. Cumque ut consequatur harum quis cum ut. Corrupti laudantium recusandae quibusdam quas sit aspernatur expedita. Quia labore aperiam veritatis sint aut cum voluptas aut.', 1, '2018-12-19 22:08:55', '2018-12-19 22:08:55'),
(39, 18, 'Joanie Kozey', 'Corporis et laboriosam repellat omnis rem explicabo. Unde adipisci et saepe. Hic repellendus molestias quis ut omnis vitae libero.', 0, '2018-12-19 22:08:55', '2018-12-19 22:08:55'),
(40, 19, 'Maurine Lockman III', 'Occaecati totam delectus itaque ut alias cumque. Est voluptatum distinctio voluptatem vel. Eum temporibus culpa quidem eveniet sunt.', 1, '2018-12-19 22:08:55', '2018-12-19 22:08:55'),
(41, 40, 'Keon Kertzmann', 'Rem dicta velit sunt dolorem vel quia hic. Voluptas eum occaecati molestias nisi enim inventore laborum.', 2, '2018-12-19 22:08:55', '2018-12-19 22:08:55'),
(42, 20, 'Nora Harris', 'Aut incidunt dignissimos rerum dolor. Voluptas distinctio itaque at quidem dolorem. Possimus eligendi esse tempora reprehenderit at beatae assumenda.', 0, '2018-12-19 22:08:55', '2018-12-19 22:08:55'),
(43, 15, 'Wilton Pollich Sr.', 'Quod consequuntur quae in officiis. Odit animi dolore voluptatum minima. Laborum reprehenderit veritatis laboriosam quod iusto unde hic. Sint eum modi mollitia.', 2, '2018-12-19 22:08:55', '2018-12-19 22:08:55'),
(44, 41, 'Prof. Brianne Bechtelar', 'Veritatis enim velit dolor quibusdam ut voluptatem non. Ducimus ullam blanditiis eum tempore. Aut nemo mollitia labore laboriosam quas corrupti.', 0, '2018-12-19 22:08:55', '2018-12-19 22:08:55'),
(45, 15, 'Dr. Vance Tremblay II', 'Reiciendis dicta deleniti eum molestiae. Et non natus asperiores. Vel molestiae ad laborum earum maiores. Officiis atque omnis temporibus.', 4, '2018-12-19 22:08:55', '2018-12-19 22:08:55'),
(46, 38, 'Elvera Bayer', 'Consectetur cupiditate repellendus numquam dolor saepe pariatur. Rerum tenetur quia et consequatur. Debitis quidem aut explicabo quod modi.', 0, '2018-12-19 22:08:55', '2018-12-19 22:08:55'),
(47, 35, 'Tracey Keebler', 'Odit eius incidunt voluptatibus sit. Assumenda accusamus blanditiis numquam qui aut impedit totam. Perferendis sunt assumenda dolorem nobis.', 5, '2018-12-19 22:08:55', '2018-12-19 22:08:55'),
(48, 37, 'Oma Conn', 'Fuga nemo molestiae molestiae doloremque. Provident autem est odit quis. Dolor incidunt possimus nemo harum magni dolorum architecto.', 2, '2018-12-19 22:08:55', '2018-12-19 22:08:55'),
(49, 24, 'Tess Batz', 'Voluptas eum fuga earum ea sunt. Sit voluptate debitis sed exercitationem ut. Autem doloremque consequuntur beatae at. Et at dicta quia consequatur.', 0, '2018-12-19 22:08:55', '2018-12-19 22:08:55'),
(50, 21, 'Angus Keeling', 'Dolores quaerat ut aperiam. Assumenda voluptate doloremque unde alias dolorem et. Nam ut non cupiditate nulla.', 2, '2018-12-19 22:08:55', '2018-12-19 22:08:55'),
(51, 10, 'Ali Brekke III', 'Id non dolor quas. Vel consequatur qui eum placeat expedita dolor ab. Dolorem dolores nostrum explicabo magni. Aut sed saepe libero et rem velit suscipit.', 4, '2018-12-19 22:08:55', '2018-12-19 22:08:55'),
(52, 22, 'Mara Weimann III', 'Quia laborum eos error. Occaecati minima non consequatur fugit iure cumque perspiciatis. Illum culpa laborum unde sint nulla porro id. Delectus voluptate totam est repudiandae et nulla.', 5, '2018-12-19 22:08:55', '2018-12-19 22:08:55'),
(53, 17, 'Donnell Sawayn', 'Fuga explicabo vitae veniam assumenda. Eos iste quidem quis at veniam excepturi. Unde commodi maiores qui repellat debitis maxime commodi.', 1, '2018-12-19 22:08:55', '2018-12-19 22:08:55'),
(54, 28, 'Thalia Block', 'Nisi id quidem minima tempore consequatur maxime. Nisi sit quod dolor pariatur non ut ut. Nesciunt autem et quas assumenda. Beatae quis autem magnam velit.', 5, '2018-12-19 22:08:55', '2018-12-19 22:08:55'),
(55, 48, 'Chase Thiel I', 'Fugiat aut vitae qui repellendus veritatis necessitatibus vel qui. Corrupti et quasi quia sit incidunt. Dicta autem consequatur eum et.', 3, '2018-12-19 22:08:55', '2018-12-19 22:08:55'),
(56, 48, 'Lamar Waelchi', 'Voluptatum alias dolore error aspernatur expedita minus eius. Voluptatum animi labore unde autem tempora ad et. Quidem quas consequatur non magni velit reprehenderit esse.', 4, '2018-12-19 22:08:55', '2018-12-19 22:08:55'),
(57, 19, 'Prof. Oliver Roob', 'Ad exercitationem aut qui maxime ipsa. Sit praesentium laboriosam quaerat voluptatibus. Itaque quo qui adipisci doloremque placeat.', 2, '2018-12-19 22:08:55', '2018-12-19 22:08:55'),
(58, 9, 'Magnus Schuppe', 'Vero perferendis nulla quam enim excepturi nesciunt aut. Enim dolor saepe quos aspernatur reprehenderit ea et rerum. Qui deleniti voluptatum quod minima error est.', 4, '2018-12-19 22:08:55', '2018-12-19 22:08:55'),
(59, 33, 'Celia Steuber Jr.', 'Modi aut animi nisi sed. Recusandae autem beatae atque quis et. Cumque sunt rerum deleniti id.', 2, '2018-12-19 22:08:55', '2018-12-19 22:08:55'),
(60, 19, 'Mr. Alexys O\'Kon', 'Voluptate ad deleniti laudantium. Voluptates est consequatur tenetur fugiat dolorem laudantium ducimus. Quo quasi sint dolorem esse.', 2, '2018-12-19 22:08:55', '2018-12-19 22:08:55'),
(61, 14, 'London Jenkins II', 'Error perspiciatis nesciunt aut rerum aut. In et quaerat quia. Aut quia nam quia dolor a ipsam consequatur. Sunt quam dignissimos distinctio enim.', 4, '2018-12-19 22:08:55', '2018-12-19 22:08:55'),
(62, 21, 'Brendan Ratke', 'Omnis explicabo reprehenderit quo rem voluptates. Eius pariatur odio ut qui iusto repudiandae. Enim distinctio quia ut omnis iure sit eos earum. Voluptatem quaerat sed vel quos adipisci ab voluptatem.', 5, '2018-12-19 22:08:55', '2018-12-19 22:08:55'),
(63, 35, 'Prof. Cassie Hirthe', 'Ullam magnam molestiae quibusdam quae aut modi expedita. Non labore quos quos eos maiores aliquid harum. Repellendus tempora nemo enim praesentium. Dolore deserunt ut est quas voluptatem voluptatem quia.', 5, '2018-12-19 22:08:55', '2018-12-19 22:08:55'),
(64, 37, 'Missouri Littel', 'Eveniet illo exercitationem qui animi. Enim amet quo dolor. Et ut quo necessitatibus consequatur. Quidem occaecati est delectus provident sed sint non voluptates.', 0, '2018-12-19 22:08:55', '2018-12-19 22:08:55'),
(65, 25, 'Margaretta Satterfield DDS', 'Ut dignissimos officiis sit ipsum. Voluptas blanditiis laborum odit nesciunt ducimus. Nam nihil architecto sit libero.', 0, '2018-12-19 22:08:55', '2018-12-19 22:08:55'),
(66, 15, 'Prof. Saige Crooks', 'Temporibus sed quasi et nobis. Natus rerum facilis laudantium at id. Qui consequuntur quidem sint dolorum totam. Et nam enim voluptatem.', 3, '2018-12-19 22:08:55', '2018-12-19 22:08:55'),
(67, 34, 'Mia Schowalter', 'Necessitatibus sed voluptatem ut provident. Doloremque aspernatur maiores et accusantium voluptas voluptatem laudantium. Possimus quo sunt dolor est sequi. Modi consequatur exercitationem culpa non similique voluptas exercitationem.', 4, '2018-12-19 22:08:55', '2018-12-19 22:08:55'),
(68, 34, 'Elza Treutel', 'Laborum dolores omnis consequatur voluptatem quisquam ipsam. Voluptatem eum laboriosam quas et. Facilis sint consectetur sint quis sit voluptas.', 2, '2018-12-19 22:08:55', '2018-12-19 22:08:55'),
(69, 3, 'Estell Dooley', 'Sint tempora quasi error dolore. Rerum inventore sint quae quia sint et sunt sint. Magni porro natus sed quo. Earum dicta molestias sint ut.', 5, '2018-12-19 22:08:55', '2018-12-19 22:08:55'),
(70, 3, 'Miss Rosemarie Glover Sr.', 'Atque consequatur in ipsam reprehenderit et et. Quod quisquam omnis fugit voluptatum rerum at.', 1, '2018-12-19 22:08:55', '2018-12-19 22:08:55'),
(71, 3, 'Leilani Murray', 'Unde provident labore odio aut officiis nihil. Labore neque exercitationem quibusdam corporis aspernatur iure.', 4, '2018-12-19 22:08:55', '2018-12-19 22:08:55'),
(72, 31, 'Prof. Kiera Ebert', 'Placeat corrupti ut nihil non corporis. Tempore repudiandae vitae dolores et ipsam. Ex aut voluptatem quidem.', 1, '2018-12-19 22:08:55', '2018-12-19 22:08:55'),
(73, 50, 'Mr. Mervin Kemmer Jr.', 'Quas molestias natus soluta repellat molestias qui laborum. Accusamus ut molestias eius accusantium autem ex. Quisquam reiciendis dolore sunt delectus dolorem hic voluptas quas. Omnis voluptatibus amet est sit et et praesentium.', 2, '2018-12-19 22:08:55', '2018-12-19 22:08:55'),
(74, 3, 'Cornelius Ankunding', 'Explicabo repudiandae sed eveniet quia natus atque repellat ipsa. Quaerat quis doloremque harum. Qui consequuntur exercitationem nulla quisquam repudiandae voluptate et. Ipsa est consequatur amet dicta.', 3, '2018-12-19 22:08:55', '2018-12-19 22:08:55'),
(75, 50, 'Shirley Smith', 'Sequi et porro laudantium quia dolor. Enim eligendi non rerum dolores omnis. Impedit occaecati nihil ad autem commodi doloremque autem sit.', 5, '2018-12-19 22:08:55', '2018-12-19 22:08:55'),
(76, 4, 'Adell Schumm', 'Sit nulla aliquam odit illum qui. Et sequi qui nesciunt quas harum. Amet et inventore non distinctio.', 4, '2018-12-19 22:08:55', '2018-12-19 22:08:55'),
(77, 20, 'Oral Flatley', 'Minima et sapiente deserunt suscipit deleniti laudantium. Est facilis eos eveniet accusamus. Dicta pariatur possimus numquam voluptate voluptatem consectetur. Ut molestiae alias itaque voluptates numquam.', 4, '2018-12-19 22:08:55', '2018-12-19 22:08:55'),
(78, 6, 'Asia Altenwerth', 'Quis adipisci repudiandae ab earum. Natus ut ea dicta recusandae corrupti eos cum qui. Eum illo fugiat eligendi recusandae. Quisquam earum nobis dolorum quam reprehenderit non est.', 4, '2018-12-19 22:08:55', '2018-12-19 22:08:55'),
(79, 25, 'Peter Paucek', 'Consequatur dolorem esse ipsam excepturi dolorum tempora voluptatem. Maiores sed velit aperiam voluptas fugit. Dolorem nobis ut accusamus quos est.', 3, '2018-12-19 22:08:55', '2018-12-19 22:08:55'),
(80, 36, 'Malvina Schuster', 'Tenetur at consequatur assumenda ut. Nesciunt et ad a ipsa laudantium dignissimos. Porro quia quos voluptatibus quo.', 5, '2018-12-19 22:08:55', '2018-12-19 22:08:55'),
(81, 40, 'Mario Sipes', 'Qui sit deleniti et sint consectetur. Nemo quia numquam quisquam laboriosam eos. Quod occaecati magnam vel mollitia. Culpa enim rerum minima quia rerum.', 0, '2018-12-19 22:08:55', '2018-12-19 22:08:55'),
(82, 36, 'Valentin Schowalter', 'Quam consequatur voluptas soluta magnam doloremque. Itaque incidunt sit dolore velit. Dolorum ut et voluptas asperiores.', 3, '2018-12-19 22:08:55', '2018-12-19 22:08:55'),
(83, 11, 'Elisha Morar', 'Veniam aliquam et est est et. Optio id iure in facere non reiciendis fugit. Perspiciatis culpa dicta amet.', 5, '2018-12-19 22:08:55', '2018-12-19 22:08:55'),
(84, 5, 'Britney O\'Keefe', 'Voluptatem sapiente suscipit temporibus possimus sunt voluptate esse. Laborum minus sunt nam dolore velit accusantium sit. Perspiciatis nihil ab voluptatum. Aspernatur pariatur porro ad at eos.', 5, '2018-12-19 22:08:55', '2018-12-19 22:08:55'),
(85, 28, 'Mrs. Willow Trantow IV', 'Vel omnis asperiores numquam reiciendis. Aut quaerat dolorem deleniti amet a. Rerum velit porro sed eos culpa aliquid. Est quo qui dolorum excepturi sapiente velit.', 5, '2018-12-19 22:08:55', '2018-12-19 22:08:55'),
(86, 42, 'Julie Nader', 'Non dolores sit praesentium praesentium consequuntur. Quod enim vitae ea eaque beatae eligendi officia.', 0, '2018-12-19 22:08:55', '2018-12-19 22:08:55'),
(87, 44, 'Prof. Willy Kovacek', 'Nobis modi esse quis aut. Aut libero ut ut autem et sit. Ut et unde tenetur aut expedita dolorem error.', 0, '2018-12-19 22:08:55', '2018-12-19 22:08:55'),
(88, 47, 'Mrs. Reta Fritsch', 'Porro ex sapiente ut eveniet sit. Sequi quia ipsam eos laboriosam ut veniam. Omnis ut voluptatem aperiam aut.', 3, '2018-12-19 22:08:55', '2018-12-19 22:08:55'),
(89, 31, 'Shanie Monahan', 'Dolorem beatae cum accusantium expedita rerum tenetur. Illum eius dolor voluptatem sit non et. Temporibus deleniti voluptatem accusamus nihil ratione. Ratione quasi tenetur eos quaerat.', 0, '2018-12-19 22:08:55', '2018-12-19 22:08:55'),
(90, 34, 'Lindsay Corwin', 'Perferendis aperiam expedita maxime voluptates. Ex soluta consequatur aspernatur accusamus dolorem tenetur soluta. Blanditiis ipsa reiciendis sed dolor omnis aut ea. Consequatur quidem sint ex repellendus commodi eum natus maxime.', 4, '2018-12-19 22:08:55', '2018-12-19 22:08:55'),
(91, 39, 'Dr. Rashawn Lebsack', 'Consectetur voluptatem saepe quo amet possimus ab magnam. Totam voluptatem aliquid dolorem. Pariatur omnis assumenda nobis quo iste.', 1, '2018-12-19 22:08:55', '2018-12-19 22:08:55'),
(92, 49, 'Aubree Sipes', 'Ullam voluptatem consequatur blanditiis laudantium qui perspiciatis. Omnis accusamus occaecati quos quis soluta repellendus. Accusantium consequatur soluta fugit aspernatur eaque sapiente. Fuga illum nam deleniti.', 2, '2018-12-19 22:08:55', '2018-12-19 22:08:55'),
(93, 10, 'Ceasar Kunze', 'Animi voluptatem rerum voluptatem voluptatem distinctio non dolorum. Doloribus ratione dolor provident et iste voluptas. Et neque tempore illum eaque atque dolor ea.', 3, '2018-12-19 22:08:55', '2018-12-19 22:08:55'),
(94, 12, 'Timmothy Leffler', 'Nobis consequatur ut est aut ut. Non tenetur est sint dolores voluptate laudantium. Aliquam nulla sint ea ut fugiat rerum. Velit velit adipisci unde dolorem a nesciunt ipsum.', 3, '2018-12-19 22:08:55', '2018-12-19 22:08:55'),
(95, 32, 'Chaim Larkin DDS', 'Sed eum optio non tenetur rerum et est. Est sunt quos magnam minima voluptatem autem. Minus et ut quidem minus. Praesentium ex voluptatem voluptatibus aut.', 5, '2018-12-19 22:08:55', '2018-12-19 22:08:55'),
(96, 7, 'Mr. Isadore Stracke', 'Vel est consectetur iure. Ut animi est ipsum sed voluptatem. Fugit debitis tenetur qui quia et et est. Ipsam nulla amet hic corporis consectetur.', 2, '2018-12-19 22:08:55', '2018-12-19 22:08:55'),
(97, 37, 'Mr. Wilburn Huel', 'Distinctio dicta est ad omnis magnam laborum. Quam quibusdam corporis dolor consequatur. Quam at eum ducimus sed laborum voluptatum. Voluptas officiis nam sint explicabo dolores eum ipsa modi.', 4, '2018-12-19 22:08:55', '2018-12-19 22:08:55'),
(98, 41, 'Ray Kunde', 'Quia omnis rem dolor omnis sit. Odio ipsum voluptatum dolores accusantium. Blanditiis aut dolor sed consectetur. Ullam asperiores odio ea quos assumenda nisi. Voluptates voluptas iusto et doloremque qui.', 0, '2018-12-19 22:08:55', '2018-12-19 22:08:55'),
(99, 37, 'Isabella McCullough', 'Ea ipsam tempore est quisquam magni. Ullam omnis est ullam sunt qui beatae. Qui ut suscipit et reiciendis aperiam libero.', 1, '2018-12-19 22:08:55', '2018-12-19 22:08:55'),
(100, 27, 'Prof. Alfredo D\'Amore', 'Debitis rerum repellat voluptas animi dicta voluptates molestiae. Deserunt hic voluptatum et necessitatibus labore corporis. Dolore aspernatur animi voluptas laudantium.', 3, '2018-12-19 22:08:55', '2018-12-19 22:08:55'),
(101, 6, 'Tiffany Lueilwitz', 'Ea ipsum eos consectetur minus. Natus est quidem recusandae blanditiis voluptas. Consequatur consequatur libero et reiciendis.', 1, '2018-12-19 22:08:55', '2018-12-19 22:08:55'),
(102, 41, 'Miss Joy Pfannerstill', 'Et voluptas voluptatibus autem soluta laboriosam. Ducimus qui ut dolor itaque libero molestiae. Vero rerum reprehenderit et aut mollitia. Non aut explicabo cumque et.', 3, '2018-12-19 22:08:55', '2018-12-19 22:08:55'),
(103, 25, 'Werner Lakin', 'Dolores quibusdam esse debitis asperiores eveniet quia voluptate omnis. Non qui sunt ut magni quia. Expedita vel culpa ut repudiandae cum sapiente. Qui repellendus necessitatibus est ipsum sunt sit saepe.', 0, '2018-12-19 22:08:55', '2018-12-19 22:08:55'),
(104, 43, 'Hertha Lynch', 'A officia veritatis animi sed. Corporis et exercitationem consequatur quia quo. Nisi ab rerum dolores nemo expedita sit et. Qui et corporis voluptas.', 4, '2018-12-19 22:08:55', '2018-12-19 22:08:55'),
(105, 10, 'Victor Connelly', 'Consequuntur magni nesciunt molestias eos. Repudiandae distinctio harum repellendus commodi architecto qui nisi. Dolores libero vitae modi cumque quia et.', 3, '2018-12-19 22:08:55', '2018-12-19 22:08:55'),
(106, 45, 'Nickolas Bogan', 'Non amet id eum dolor. Aut qui et animi explicabo aspernatur autem inventore. Vel deserunt ab laborum rerum.', 3, '2018-12-19 22:08:55', '2018-12-19 22:08:55'),
(107, 44, 'Rocio Hudson', 'Necessitatibus unde optio minus perspiciatis similique natus. Et dolorem repudiandae accusantium sunt ratione inventore quibusdam atque. Ipsa sunt tempora veniam corrupti illum corrupti. Voluptatem cumque ea qui sint.', 4, '2018-12-19 22:08:55', '2018-12-19 22:08:55'),
(108, 8, 'Cordie Klein', 'Molestias velit qui quam hic aperiam asperiores hic. Mollitia expedita sunt ullam eius ad sequi id. Cumque quae voluptatem expedita error illum autem similique. Dolor magnam voluptatem eum nihil.', 4, '2018-12-19 22:08:55', '2018-12-19 22:08:55'),
(109, 7, 'Leopoldo Heathcote', 'Praesentium blanditiis rerum velit voluptatum voluptatem. Sed voluptas accusamus velit perspiciatis eius. Iste quia nobis nobis ut iste eaque rerum.', 5, '2018-12-19 22:08:55', '2018-12-19 22:08:55'),
(110, 31, 'Mr. Hunter Effertz', 'Commodi assumenda quo quidem odit rerum minima. Alias tempora nihil id omnis iure. Qui repudiandae cum sit. Asperiores voluptatem tempora voluptas dolores aut delectus ullam.', 2, '2018-12-19 22:08:55', '2018-12-19 22:08:55'),
(111, 9, 'Gregoria Wiza', 'Magni dolorem et perferendis ipsa dolores et debitis ullam. Atque maiores voluptas assumenda aut omnis impedit. Ex dolor consectetur voluptas quos. Enim et quisquam consequatur itaque nesciunt facilis quidem assumenda.', 2, '2018-12-19 22:08:55', '2018-12-19 22:08:55'),
(112, 12, 'Dr. Iliana Gerlach Sr.', 'Magni tempora ad qui omnis ea. Quisquam eum fugit neque et. Tempore id sit explicabo fugit reprehenderit facilis ipsum. Sit ut voluptates nihil amet et sapiente aperiam.', 3, '2018-12-19 22:08:55', '2018-12-19 22:08:55'),
(113, 45, 'Mikel Jacobi', 'Nihil fugit laudantium ipsam animi qui laudantium et. Excepturi dolore qui aut. Illo et eos est quisquam.', 1, '2018-12-19 22:08:55', '2018-12-19 22:08:55'),
(114, 47, 'Kirsten Bogan', 'Numquam suscipit quam autem sequi in amet deserunt. Non cum eum aliquam qui consequuntur dicta. Aut distinctio enim rerum nostrum autem. Repellat velit consequatur sit a dignissimos est eum minus. Earum odio quia voluptatibus et.', 4, '2018-12-19 22:08:55', '2018-12-19 22:08:55'),
(115, 41, 'Robb Dare', 'Atque delectus sapiente consequuntur suscipit voluptatem aliquam nam fugit. Cupiditate nesciunt hic consequuntur eos commodi fugiat sequi. Eum sed aut quae labore ex quia nostrum. Fugit est fuga et vel voluptates molestias sint.', 2, '2018-12-19 22:08:55', '2018-12-19 22:08:55'),
(116, 45, 'Madge Larkin', 'Voluptatibus iusto optio temporibus quis laborum placeat. Enim excepturi facilis sapiente et debitis facere enim. Tenetur eum et quidem aut accusantium. Dolores ut autem et et facere sed.', 1, '2018-12-19 22:08:55', '2018-12-19 22:08:55'),
(117, 17, 'Mariam Fritsch IV', 'Enim asperiores sint aut voluptatum qui nisi amet voluptatem. Occaecati aut hic veritatis id. Quam nam alias similique. Asperiores delectus nobis eum voluptas.', 5, '2018-12-19 22:08:55', '2018-12-19 22:08:55'),
(118, 48, 'Judd Jaskolski', 'Aut temporibus voluptas velit sequi mollitia odio quisquam. Et eum aliquam sed. In aut ullam neque laudantium labore optio laudantium.', 0, '2018-12-19 22:08:55', '2018-12-19 22:08:55'),
(119, 50, 'Mr. Cecil Larson', 'Corporis nam quidem eum assumenda eum et corporis. Ut voluptatem omnis omnis voluptatibus. Quas possimus quia facere.', 4, '2018-12-19 22:08:55', '2018-12-19 22:08:55'),
(120, 23, 'Shane Waelchi', 'Id voluptatem quo quis ipsa doloribus quia ut. Voluptatem dignissimos asperiores et exercitationem praesentium quia ratione ut. Aut itaque officiis provident neque aperiam laudantium.', 3, '2018-12-19 22:08:55', '2018-12-19 22:08:55'),
(121, 4, 'Stan Ortiz IV', 'Quibusdam sint reiciendis cupiditate repellendus. Accusantium quis accusamus qui nesciunt quasi natus. Quasi totam iure cupiditate sit in.', 1, '2018-12-19 22:08:55', '2018-12-19 22:08:55'),
(122, 7, 'Nola Ortiz', 'Sequi perferendis numquam et veritatis vero nemo velit. Doloribus aut exercitationem minus similique. Repellat doloremque voluptatem itaque optio in. Expedita temporibus quia odio neque.', 2, '2018-12-19 22:08:55', '2018-12-19 22:08:55'),
(123, 11, 'Jaycee Friesen', 'Ea ad quod ab eos temporibus ipsa. Est sunt atque explicabo modi sit eligendi dolore.', 2, '2018-12-19 22:08:55', '2018-12-19 22:08:55'),
(124, 24, 'Oma Stokes', 'Tenetur tenetur iste atque ducimus necessitatibus. Quod et molestias nihil dolores delectus. Porro consequatur ducimus et.', 3, '2018-12-19 22:08:55', '2018-12-19 22:08:55'),
(125, 32, 'Mikayla Nicolas', 'Qui et temporibus et. Omnis deserunt eum blanditiis vel maxime nulla. Quia repellat veritatis iure et. Fugit ipsum nam ex vitae.', 3, '2018-12-19 22:08:55', '2018-12-19 22:08:55'),
(126, 10, 'Deanna Reichert', 'Modi adipisci veritatis vitae rem magnam temporibus iure amet. Qui sit et nemo veniam aliquam in. Eaque id ratione beatae culpa necessitatibus excepturi nobis.', 0, '2018-12-19 22:08:55', '2018-12-19 22:08:55'),
(127, 25, 'Darlene Bernhard', 'Vitae esse magni blanditiis eligendi quia. Beatae nostrum non quos. Sint eligendi est ducimus maxime. Tenetur nihil deleniti amet tempore eum dicta facere. Accusantium et dolorem quibusdam sit omnis sit.', 4, '2018-12-19 22:08:56', '2018-12-19 22:08:56'),
(128, 19, 'Miss Dorris Prohaska', 'Neque nihil qui at asperiores. Voluptatibus itaque consequatur dolorem. Modi ex ab tenetur quia provident magnam et.', 3, '2018-12-19 22:08:56', '2018-12-19 22:08:56'),
(129, 22, 'Elise Kuhn', 'Totam porro dolor sint aut deleniti et. Earum sapiente voluptates ut molestiae. Molestiae est doloribus doloribus reiciendis enim corrupti libero.', 0, '2018-12-19 22:08:56', '2018-12-19 22:08:56'),
(130, 7, 'Dr. Kayden Orn III', 'Est cumque deserunt et quaerat. Dolores natus fugit iure reprehenderit nobis. Perspiciatis omnis et voluptas hic beatae ea cupiditate ad. Molestias eum deleniti saepe et placeat autem saepe.', 1, '2018-12-19 22:08:56', '2018-12-19 22:08:56'),
(131, 2, 'Myrl McKenzie', 'Eveniet suscipit ea soluta id quisquam at at. Eveniet id porro sit quas. Cupiditate molestias et perferendis. Perspiciatis labore a laboriosam dolorum quo.', 1, '2018-12-19 22:08:56', '2018-12-19 22:08:56'),
(132, 50, 'Reina Olson', 'Alias eos praesentium qui provident tempore corrupti temporibus. Eius rerum illo qui reprehenderit. Debitis iure quas blanditiis sunt sit sed.', 5, '2018-12-19 22:08:56', '2018-12-19 22:08:56'),
(133, 42, 'Lauretta Kuhn', 'Et voluptatem perferendis saepe autem laudantium. Minima officia temporibus accusamus molestias suscipit atque. Ipsa eaque dolorem quia est quia rerum velit. Aut vero consectetur voluptatem qui provident.', 2, '2018-12-19 22:08:56', '2018-12-19 22:08:56'),
(134, 29, 'Dr. Theo Schiller', 'Et nobis odio vitae dolorem. Quae reprehenderit dolorem expedita commodi. Consequatur magnam amet id aperiam. Tempora debitis nesciunt aut non omnis ratione reprehenderit non.', 5, '2018-12-19 22:08:56', '2018-12-19 22:08:56'),
(135, 41, 'Evalyn Upton DVM', 'Dolorem est consequatur asperiores sed. Vitae voluptate aut cumque ut sit est. Ab eligendi eos eaque laboriosam vitae. Officia odio id quos accusamus id dolor.', 0, '2018-12-19 22:08:56', '2018-12-19 22:08:56'),
(136, 43, 'Makayla Lakin', 'Dicta sit officiis dolorem doloremque. Iure et sit minus animi in repellendus libero vel. Aut illo ea corrupti animi. Rerum deleniti aut libero qui similique dolor omnis autem.', 5, '2018-12-19 22:08:56', '2018-12-19 22:08:56'),
(137, 5, 'Leon Parisian', 'Sit dolorum ipsum possimus et ut ut laudantium. Harum libero non et unde ratione facilis. Iste nobis quaerat nostrum deserunt. Reprehenderit perferendis velit expedita. Perspiciatis reprehenderit quis qui quaerat.', 3, '2018-12-19 22:08:56', '2018-12-19 22:08:56'),
(138, 19, 'Heidi Strosin', 'Fuga iure autem voluptatem eveniet repudiandae est quo. Inventore mollitia nesciunt eveniet est voluptates.', 1, '2018-12-19 22:08:56', '2018-12-19 22:08:56'),
(139, 22, 'Jeffry Block', 'Et tempore et mollitia est velit aut. Similique quisquam earum exercitationem sint et nam. Sit maxime dolor molestiae sit quo.', 3, '2018-12-19 22:08:56', '2018-12-19 22:08:56'),
(140, 28, 'Dr. Stephan Wiegand Jr.', 'Aspernatur dolorem reiciendis omnis. Et voluptatem molestias ut id. Repellat voluptatem qui nesciunt consequuntur minima sapiente enim. Totam odit tempore quibusdam beatae.', 5, '2018-12-19 22:08:56', '2018-12-19 22:08:56'),
(141, 45, 'Gunnar Toy', 'Nam molestias sed magni optio enim architecto. Eum voluptatibus maxime ab quae sit tempora. Unde id corporis dignissimos occaecati illo qui et. Corporis velit nam vitae dolorum.', 4, '2018-12-19 22:08:56', '2018-12-19 22:08:56'),
(142, 50, 'Ms. Chasity O\'Kon', 'Voluptatem repellat dolorum autem vel odio repudiandae ex. Consequatur quia optio commodi voluptas facere reprehenderit dolore. Vel minus adipisci debitis harum debitis voluptatem ea.', 3, '2018-12-19 22:08:56', '2018-12-19 22:08:56'),
(143, 2, 'Prof. Kali Gibson', 'Et blanditiis iste facere. Repellat dolorem odio molestias. Labore distinctio at a temporibus omnis eos. Fugiat ut dolore iure magni saepe quis.', 4, '2018-12-19 22:08:56', '2018-12-19 22:08:56'),
(144, 42, 'Silas Shields', 'Porro tenetur voluptas veritatis aliquam iusto. Aut ipsam facilis voluptatem in rerum autem ipsum. Deserunt hic eveniet earum eius laborum unde.', 3, '2018-12-19 22:08:56', '2018-12-19 22:08:56'),
(145, 1, 'Ramon Huel', 'Eum vel omnis ut repudiandae. Veritatis quibusdam aperiam ducimus et non debitis aut. Excepturi ea dolorum voluptate non ipsa ut.', 3, '2018-12-19 22:08:56', '2018-12-19 22:08:56'),
(146, 21, 'Joaquin Harber', 'Qui labore debitis perferendis. Voluptas quidem nesciunt et facere quo cupiditate quasi. Quia id laudantium quod. Aut illo deleniti iusto iusto.', 3, '2018-12-19 22:08:56', '2018-12-19 22:08:56'),
(147, 5, 'Heath Steuber', 'Ullam odit explicabo qui expedita aut. Dolor deleniti vel sint. Impedit vel placeat quas et maxime suscipit aspernatur. Est at aliquid nihil dolor aperiam est amet doloremque.', 4, '2018-12-19 22:08:56', '2018-12-19 22:08:56'),
(148, 16, 'Brent Howell', 'Et minima eveniet veritatis laboriosam ex. Aut accusantium et sint dicta qui. Distinctio ut amet distinctio quasi sint.', 1, '2018-12-19 22:08:56', '2018-12-19 22:08:56'),
(149, 39, 'Dr. May Hessel', 'Dicta molestiae molestiae iste laudantium ducimus et aliquid et. Rem earum libero enim maiores. Optio neque labore sit. Vel deleniti sed aut error iusto quasi.', 1, '2018-12-19 22:08:56', '2018-12-19 22:08:56'),
(150, 13, 'Miguel Schumm IV', 'Hic est nihil unde laboriosam quidem maiores hic. Neque at culpa at qui. Facere tempora quas sapiente animi maiores quo aut. Iste odit sequi voluptatibus quidem quae totam sit impedit.', 4, '2018-12-19 22:08:56', '2018-12-19 22:08:56'),
(151, 7, 'Dasia Crona', 'Sunt amet mollitia eos ut ducimus est. Quod rem excepturi delectus aliquam commodi animi aut quo. Asperiores consequatur libero accusantium deleniti ipsum necessitatibus dolorem. Quis ut autem voluptatem officia ut consequatur.', 3, '2018-12-19 22:08:56', '2018-12-19 22:08:56'),
(152, 21, 'Adriel Wiza', 'Possimus quos facilis provident asperiores aut doloribus distinctio. Eum sed ratione culpa eius. Et est sunt sit.', 3, '2018-12-19 22:08:56', '2018-12-19 22:08:56'),
(153, 33, 'Wilford Zboncak IV', 'Laudantium quia officiis rerum omnis harum. Voluptatibus ut aperiam reiciendis vel aut. Ea quam dolore voluptatum atque eligendi asperiores qui. Suscipit soluta ab est nisi et in omnis.', 0, '2018-12-19 22:08:56', '2018-12-19 22:08:56'),
(154, 7, 'Adella Hoppe', 'Quasi consequatur dignissimos in asperiores perferendis laborum architecto. Et pariatur est ut accusamus dolore. A rem nesciunt et consequatur molestias.', 0, '2018-12-19 22:08:56', '2018-12-19 22:08:56'),
(155, 13, 'Modesto Kling', 'In veniam ipsum cum ut. Repudiandae omnis laudantium molestiae. Voluptates laboriosam et est dolor qui nemo quam. Distinctio aut ducimus vero ipsum mollitia quidem dignissimos blanditiis.', 4, '2018-12-19 22:08:56', '2018-12-19 22:08:56'),
(156, 44, 'Mohammad Larson II', 'Beatae accusamus similique et et. Alias nesciunt quos libero nisi commodi quia labore. Quis quaerat amet consequatur atque. Aspernatur aspernatur sit dolores et.', 5, '2018-12-19 22:08:56', '2018-12-19 22:08:56'),
(157, 11, 'Eliane Ortiz', 'Quae deleniti nihil dolore doloribus nostrum. Nesciunt aliquam praesentium nihil similique a excepturi omnis.', 4, '2018-12-19 22:08:56', '2018-12-19 22:08:56'),
(158, 38, 'Frederique Jast IV', 'Dolores et doloribus deserunt dolorum dolores sapiente aperiam. Voluptas ea soluta qui tenetur labore.', 2, '2018-12-19 22:08:56', '2018-12-19 22:08:56'),
(159, 10, 'Cecelia Gleichner', 'Velit id ab aut voluptatem et aut dicta. Dolore impedit et ut doloremque ea sapiente consectetur. Aut blanditiis explicabo saepe vitae molestias eligendi qui. Tenetur est temporibus quia accusantium est sequi. Molestiae dolorum aut tenetur repudiandae ut.', 3, '2018-12-19 22:08:56', '2018-12-19 22:08:56'),
(160, 40, 'Alysha Treutel IV', 'Nostrum eligendi expedita soluta ea aut perspiciatis. Nihil voluptatum quia aut dolorum qui earum non. Porro saepe nihil odio quo et sunt cumque aut.', 4, '2018-12-19 22:08:56', '2018-12-19 22:08:56'),
(161, 33, 'Camryn Bartell', 'Soluta totam nobis maiores voluptatem hic. Recusandae porro suscipit in officiis harum laudantium ex. Amet autem nihil tempora sequi voluptatem laudantium. Cumque quod et non eaque.', 0, '2018-12-19 22:08:56', '2018-12-19 22:08:56'),
(162, 16, 'Ms. Elenora Blick MD', 'Enim hic cum quo deserunt quis et maiores. Ex labore at in reprehenderit. Maxime neque possimus rerum et inventore labore placeat vel. Aut ipsum corporis accusantium optio.', 0, '2018-12-19 22:08:56', '2018-12-19 22:08:56'),
(163, 35, 'Ms. Alice Halvorson I', 'Sunt accusamus autem quod eum rerum deleniti repellendus. Nostrum dolores culpa deserunt ut reprehenderit quis.', 2, '2018-12-19 22:08:56', '2018-12-19 22:08:56'),
(164, 40, 'Wilburn Cremin DVM', 'Praesentium cumque pariatur vero officia recusandae eos. Occaecati quo consequuntur consequatur id voluptatem dolor. Dolor ratione vitae ut autem aut ut molestiae.', 5, '2018-12-19 22:08:56', '2018-12-19 22:08:56'),
(165, 47, 'Mr. Tristin Dooley DDS', 'Ut sed fugiat sed aut necessitatibus et. Beatae molestiae deserunt placeat voluptas. Itaque dolores in velit optio sed consequatur atque. Sit in similique et est maiores autem.', 2, '2018-12-19 22:08:56', '2018-12-19 22:08:56'),
(166, 28, 'Sydni Leuschke', 'Veniam amet magni quam consectetur aliquam ipsam dolor at. Nesciunt eum dolore dicta ullam voluptas. Qui non ab modi autem.', 0, '2018-12-19 22:08:56', '2018-12-19 22:08:56'),
(167, 43, 'Betty Thompson', 'Eum ipsam quam minima rerum atque enim aut. Et cum iste similique voluptates nisi. Corrupti necessitatibus est reprehenderit illum enim et quidem.', 1, '2018-12-19 22:08:56', '2018-12-19 22:08:56'),
(168, 38, 'Everette Carroll', 'Aut accusantium ab autem autem eligendi. Quibusdam est repellendus fugiat quisquam consequatur. Aliquid assumenda mollitia omnis et quod sint non libero.', 4, '2018-12-19 22:08:56', '2018-12-19 22:08:56'),
(169, 8, 'Elise Ward V', 'Repellendus qui aut sapiente quia minima. Animi aut est quas consequatur pariatur rem reiciendis. Et hic placeat voluptatum non autem. Occaecati omnis pariatur optio harum sint sint.', 4, '2018-12-19 22:08:56', '2018-12-19 22:08:56'),
(170, 28, 'Mr. General Hane Sr.', 'Eos ex in et quidem. Sit et vero qui rem velit debitis recusandae aut. Tempore deserunt dolorem aliquam atque voluptatibus expedita.', 0, '2018-12-19 22:08:56', '2018-12-19 22:08:56'),
(171, 42, 'Ila Beer', 'Totam nam aut facere ut quo nostrum. Velit maiores aut et sint tempore similique ipsa cumque. Quisquam dolores eius qui. Aliquid aut delectus dolor provident laborum voluptatem totam.', 3, '2018-12-19 22:08:56', '2018-12-19 22:08:56'),
(172, 1, 'Prof. Carlotta Lebsack IV', 'Quas ut vel fuga eligendi quis illum tenetur. Commodi earum voluptatem autem sit consequatur. Architecto iusto neque laudantium aut ipsam quis et.', 3, '2018-12-19 22:08:56', '2018-12-19 22:08:56'),
(173, 24, 'Prof. Jamarcus Kirlin', 'Dolores repudiandae dicta qui sed eos. Labore numquam optio omnis non et fugit beatae dolorem. Sed sed enim magni autem aut pariatur.', 2, '2018-12-19 22:08:56', '2018-12-19 22:08:56'),
(174, 36, 'Rosemarie Jones', 'Dolorem dolor laborum culpa veniam possimus quod soluta. Odit nihil sit explicabo deserunt tenetur eaque architecto tenetur. Totam expedita nisi quidem cupiditate. Quis accusamus et error. Velit nobis asperiores velit in.', 0, '2018-12-19 22:08:56', '2018-12-19 22:08:56'),
(175, 17, 'Nickolas Hane', 'Non repellat quis quis velit. Nesciunt voluptas aliquid aut magnam recusandae nihil ullam accusamus. Fugiat sunt tempore quasi odio. Rerum voluptas quaerat fuga laudantium repellendus.', 1, '2018-12-19 22:08:56', '2018-12-19 22:08:56'),
(176, 10, 'Nikki Shields', 'Qui laboriosam eaque et sit aut ipsa doloremque. Dolorem eaque praesentium in assumenda eveniet aut rerum eius. Numquam incidunt illum expedita asperiores. Qui enim corrupti voluptatem tempora eum illo dolorum.', 1, '2018-12-19 22:08:56', '2018-12-19 22:08:56'),
(177, 15, 'Taya Ferry', 'Nam molestiae eligendi repellat ea a enim nulla. Accusantium temporibus animi maiores. Quo quo a dolorem a quis. Quaerat quia nesciunt et dolorem et in commodi.', 4, '2018-12-19 22:08:56', '2018-12-19 22:08:56'),
(178, 10, 'Mr. Garfield Ebert', 'Et neque quis dolore consequuntur. Neque dolore aut pariatur.', 3, '2018-12-19 22:08:56', '2018-12-19 22:08:56'),
(179, 7, 'Bart Cremin', 'Praesentium facere modi pariatur vitae aliquid eveniet provident. Architecto et maiores modi qui. Quia doloribus doloremque quasi eligendi placeat explicabo voluptatibus.', 2, '2018-12-19 22:08:56', '2018-12-19 22:08:56'),
(180, 19, 'Conor Waters', 'Ipsa fugiat dignissimos blanditiis aut omnis rem eos. Doloremque et quasi ducimus pariatur quaerat. Rerum voluptas ipsum saepe ex est enim. Rem dolores in voluptas voluptatem.', 2, '2018-12-19 22:08:56', '2018-12-19 22:08:56'),
(181, 12, 'Kathleen Gutmann', 'Harum a rem iste consectetur rerum. Nemo autem soluta maxime ab explicabo praesentium.', 5, '2018-12-19 22:08:56', '2018-12-19 22:08:56'),
(182, 35, 'Celestine Bogan PhD', 'Aut eaque consequuntur exercitationem et error error maiores reiciendis. Blanditiis deserunt debitis perferendis tempore. Cupiditate itaque ea expedita dolores.', 2, '2018-12-19 22:08:56', '2018-12-19 22:08:56'),
(183, 37, 'Marlon Metz', 'Placeat aut eaque repellat error. Nisi aspernatur expedita consectetur aut.', 1, '2018-12-19 22:08:56', '2018-12-19 22:08:56'),
(184, 37, 'Mr. Lindsey Boyle', 'Maiores corrupti et nulla quod. Quisquam harum voluptas doloribus dolor totam earum. Voluptatem voluptate fuga sed velit quos omnis quod. Consequuntur voluptatem magnam magni a ducimus alias.', 1, '2018-12-19 22:08:56', '2018-12-19 22:08:56'),
(185, 41, 'Dr. Carter Johnson IV', 'Laudantium explicabo est facilis ab ipsam animi. Soluta et vel distinctio omnis vero. Placeat asperiores est animi aut voluptate tempore.', 5, '2018-12-19 22:08:56', '2018-12-19 22:08:56'),
(186, 16, 'Hilda Little II', 'Necessitatibus enim ut ea ipsam sit. Animi cupiditate minima enim minima voluptatem rerum. Voluptatum eligendi libero rerum quos ipsam. Ex error magnam aut delectus blanditiis odit quam.', 3, '2018-12-19 22:08:56', '2018-12-19 22:08:56'),
(187, 6, 'Mr. Mohammad Stamm', 'Minima blanditiis in libero dolorum rerum similique laboriosam. Voluptate perspiciatis molestias cum ut voluptates at autem voluptas.', 0, '2018-12-19 22:08:56', '2018-12-19 22:08:56'),
(188, 24, 'Janet Morar', 'Nisi voluptas porro harum ut. Vero nostrum harum commodi id odit temporibus. Aspernatur ducimus iste occaecati et aspernatur nam. Facilis ducimus vero dolorem iusto impedit doloribus mollitia iusto.', 5, '2018-12-19 22:08:56', '2018-12-19 22:08:56'),
(189, 41, 'Melody Cole Jr.', 'Nam eveniet eius incidunt. Distinctio velit ex voluptatem.', 4, '2018-12-19 22:08:56', '2018-12-19 22:08:56'),
(190, 32, 'Miss Malika Collier', 'Enim dolor minima quis accusantium culpa nam tempore. Aliquam in porro et veniam vero.', 0, '2018-12-19 22:08:56', '2018-12-19 22:08:56'),
(191, 30, 'Mr. Mohammad Bauch DDS', 'Excepturi quis ipsum esse voluptas. Et sit nam consectetur et. Repellat quia molestias quia voluptatibus quia.', 3, '2018-12-19 22:08:56', '2018-12-19 22:08:56'),
(192, 46, 'Lue Bode I', 'Ipsa dignissimos et non doloribus. Cumque praesentium quis aperiam incidunt odit rem non. Quam repellendus et blanditiis. Rerum vel eius odit vitae. Illum quia et magni sint corporis iste et.', 4, '2018-12-19 22:08:56', '2018-12-19 22:08:56'),
(193, 38, 'Eli Cummerata', 'Ipsam harum minus sunt cumque qui quo occaecati. Aut libero doloribus similique. Asperiores beatae illum dolorem temporibus. Aperiam id nemo rerum aliquid.', 1, '2018-12-19 22:08:56', '2018-12-19 22:08:56'),
(194, 28, 'Fay Towne II', 'Tempora qui quaerat omnis omnis iusto doloribus. In vero itaque et repellat voluptates sit. Voluptas a aut fugit laborum possimus unde debitis.', 2, '2018-12-19 22:08:56', '2018-12-19 22:08:56'),
(195, 8, 'Gaston Stamm', 'Voluptas assumenda aut est dolorum. Aperiam iusto dolor tenetur accusamus alias voluptas. Sed recusandae et vel aut.', 2, '2018-12-19 22:08:56', '2018-12-19 22:08:56'),
(196, 19, 'Ilene Boehm MD', 'Repellat voluptatem qui maxime ea. Illo nisi ipsam ab est magni nam. Suscipit consequatur voluptas molestias autem possimus. Beatae qui ab sapiente vel.', 4, '2018-12-19 22:08:56', '2018-12-19 22:08:56'),
(197, 14, 'Mr. Paolo Heidenreich V', 'Quod sint voluptas veniam fugiat illo sit. Explicabo voluptate est qui pariatur quaerat.', 2, '2018-12-19 22:08:56', '2018-12-19 22:08:56'),
(198, 43, 'Dr. Mackenzie Walker', 'Id et et error porro. Perferendis ea et sequi harum autem eos. Illum vero esse accusantium modi accusamus labore est.', 2, '2018-12-19 22:08:56', '2018-12-19 22:08:56'),
(199, 12, 'Josefina Dooley Jr.', 'Neque ut aspernatur nam at. Et totam possimus minima blanditiis ipsum labore aut. Assumenda aut nihil et sed maxime. Ut voluptate omnis repellat ea similique aut corporis atque.', 1, '2018-12-19 22:08:56', '2018-12-19 22:08:56'),
(200, 37, 'Ms. Gladys Turner', 'Saepe eos sit consectetur consequatur laudantium. Quia voluptas veritatis magni rerum dolor quaerat quod. Commodi ut fugiat et aut. Laborum pariatur sint rem natus fugit occaecati unde.', 5, '2018-12-19 22:08:56', '2018-12-19 22:08:56'),
(201, 32, 'Dr. Kole Herzog', 'Amet commodi recusandae reiciendis ratione illo et. Voluptate libero illum nihil nobis ut tempore nemo aut. Sint aperiam nemo sunt corporis. Adipisci qui delectus autem et voluptatem beatae et. Omnis facere sequi illum.', 4, '2018-12-19 22:08:56', '2018-12-19 22:08:56'),
(202, 9, 'Dr. Marilie Bergstrom', 'Sed nobis iure sint mollitia quasi sit. Deserunt dicta hic facilis molestiae nihil sunt ipsa optio. Repellat assumenda ex sunt iure vitae magnam in qui.', 2, '2018-12-19 22:08:56', '2018-12-19 22:08:56'),
(203, 3, 'Darien Hackett IV', 'Quos veritatis ut vero porro rerum. Et omnis minus commodi autem. Laboriosam doloribus enim deserunt nesciunt omnis neque esse. Vero et assumenda fuga nulla. Voluptatem labore nobis architecto accusamus quod laboriosam.', 1, '2018-12-19 22:08:56', '2018-12-19 22:08:56'),
(204, 14, 'Palma Becker', 'Tempore odit rerum aut quia. Cumque minima veritatis at. Dolores occaecati eius doloribus recusandae. In qui nam delectus saepe et voluptatem.', 5, '2018-12-19 22:08:56', '2018-12-19 22:08:56'),
(205, 8, 'Dr. Garnet Weimann DVM', 'Suscipit ad autem non in. Rerum id beatae deleniti autem distinctio sed quo quam. Velit magnam vitae aut.', 2, '2018-12-19 22:08:56', '2018-12-19 22:08:56'),
(206, 37, 'Mrs. Icie Lindgren', 'Voluptas nulla voluptates sint praesentium. Nemo eligendi illo asperiores cum corrupti deserunt blanditiis soluta. Expedita facere reiciendis repellat rerum itaque unde est quia. Sit eum nesciunt velit distinctio iure quisquam.', 3, '2018-12-19 22:08:56', '2018-12-19 22:08:56'),
(207, 35, 'Santino Wunsch', 'Minima saepe expedita fuga numquam voluptas alias. Ut inventore sunt nam facilis qui veniam. Sed perferendis hic animi error magnam. Nihil sint et laudantium fugit. Voluptatem cupiditate excepturi maiores aperiam et totam neque.', 5, '2018-12-19 22:08:56', '2018-12-19 22:08:56'),
(208, 28, 'King Lind', 'Omnis fugiat labore consectetur aut. Id sit ex voluptate et laudantium quia rerum labore. Sapiente error sed aut at qui voluptatem. Autem explicabo soluta doloremque provident ipsam porro sint reiciendis. Et nulla sequi cumque qui.', 0, '2018-12-19 22:08:56', '2018-12-19 22:08:56'),
(209, 15, 'Maud Senger IV', 'Enim molestiae cum optio et quis voluptatem sunt. Omnis omnis sed laborum rem. Et atque inventore expedita distinctio dolores qui accusamus quidem. Atque et culpa eum ea atque. Aliquam modi et doloribus ipsam.', 5, '2018-12-19 22:08:56', '2018-12-19 22:08:56'),
(210, 47, 'Joan Hudson', 'Temporibus ducimus cumque ducimus dolorem sit earum. Asperiores molestias laborum numquam sit eum aut. Earum molestiae veniam voluptates nostrum nostrum.', 2, '2018-12-19 22:08:56', '2018-12-19 22:08:56');
INSERT INTO `reviews` (`id`, `product_id`, `customer`, `review`, `star`, `created_at`, `updated_at`) VALUES
(211, 13, 'Jaqueline Ondricka', 'Atque rerum iusto expedita adipisci dolorem labore. A nostrum aut et perferendis molestiae quo. Tempora aut aliquam aut alias et nemo nihil. Qui nostrum iusto laudantium est quia blanditiis.', 5, '2018-12-19 22:08:56', '2018-12-19 22:08:56'),
(212, 28, 'Peter Donnelly', 'Numquam placeat eius alias ratione. Recusandae voluptatem qui quae. Sint cumque animi eligendi earum corporis vero.', 2, '2018-12-19 22:08:56', '2018-12-19 22:08:56'),
(213, 17, 'Henri Schroeder', 'Cumque quas magni qui nobis asperiores aut. Et quidem voluptatem repellat quia et quod. Nam quis vero amet dolor unde impedit.', 0, '2018-12-19 22:08:56', '2018-12-19 22:08:56'),
(214, 38, 'Ms. Jany O\'Connell', 'Reprehenderit est officiis blanditiis accusamus debitis quia accusamus. Et quia est voluptatem sed voluptatem dolorum expedita.', 5, '2018-12-19 22:08:56', '2018-12-19 22:08:56'),
(215, 35, 'Dr. Javon Robel Jr.', 'Eius molestiae quae autem repellendus. Omnis libero labore vitae non sit aliquid. Quos voluptatibus nemo amet minima autem est aperiam voluptatem. Vel aspernatur eum sequi quia nam sed laboriosam.', 1, '2018-12-19 22:08:56', '2018-12-19 22:08:56'),
(216, 46, 'Rachael Bahringer MD', 'Quos sed dolorem accusantium consequatur nulla consequatur. Mollitia accusantium quo eaque quia iste fugit. Non ab atque ipsam molestias. Voluptas eligendi fuga eum ex commodi sit ullam inventore.', 2, '2018-12-19 22:08:56', '2018-12-19 22:08:56'),
(217, 12, 'Hallie Abshire PhD', 'Quo et perspiciatis vel quo. Incidunt ea dolor eum debitis possimus repellendus vel. Aut aut aliquam voluptas eum aliquam.', 2, '2018-12-19 22:08:56', '2018-12-19 22:08:56'),
(218, 35, 'Dr. August Sporer', 'Enim nam aut laborum nemo nihil dolorum. Culpa eos temporibus voluptatem fugit a non. Eos alias quibusdam dignissimos est assumenda pariatur. Iure ipsam ut sed.', 4, '2018-12-19 22:08:56', '2018-12-19 22:08:56'),
(219, 7, 'Dr. Jacques Schumm', 'Enim ut cumque excepturi cumque a sed ut. Eius impedit voluptatem velit. Maxime asperiores quasi ratione id praesentium perferendis corrupti similique.', 3, '2018-12-19 22:08:56', '2018-12-19 22:08:56'),
(220, 13, 'Hilbert Labadie', 'Saepe rerum dolor ratione alias. Ea sequi rem aliquam ex quasi earum. Voluptatem dicta itaque cupiditate eum. Omnis aut voluptatem consequatur cupiditate qui molestias.', 1, '2018-12-19 22:08:56', '2018-12-19 22:08:56'),
(221, 11, 'Prof. Edwardo Schumm', 'Ratione quia omnis culpa. Vitae sint doloribus voluptate earum et impedit. Labore pariatur eum suscipit quo placeat molestias amet.', 0, '2018-12-19 22:08:56', '2018-12-19 22:08:56'),
(222, 9, 'Ms. Mona Raynor Jr.', 'Est aspernatur magnam eos omnis quidem quasi. Sunt aut natus saepe minima autem. Laboriosam eum minima impedit nihil ullam. Alias labore vero ea deserunt doloremque consequuntur asperiores quaerat.', 3, '2018-12-19 22:08:56', '2018-12-19 22:08:56'),
(223, 43, 'Hoyt Jerde', 'Nostrum quidem alias quisquam est ex aut aut. Minima consequatur a et in natus et magnam. Voluptatem nostrum autem aut sequi aliquam placeat velit.', 3, '2018-12-19 22:08:56', '2018-12-19 22:08:56'),
(224, 43, 'Dr. Karl Luettgen II', 'Totam ut molestiae expedita ea autem deserunt. Nihil incidunt esse assumenda quas. Voluptates et optio qui velit.', 3, '2018-12-19 22:08:56', '2018-12-19 22:08:56'),
(225, 10, 'Dr. Winfield Carter', 'Quis explicabo et consequatur. Id sit labore occaecati ut totam sit. Cupiditate fugiat quo sit eveniet magnam dolorem rerum est.', 2, '2018-12-19 22:08:56', '2018-12-19 22:08:56'),
(226, 17, 'Nikita Kunze', 'Molestiae sit odit dolorem. Dolor quod repudiandae dolorem cupiditate modi. Voluptate at perferendis facere soluta quia doloribus. Sapiente architecto nostrum dolore sit soluta nihil eveniet.', 1, '2018-12-19 22:08:56', '2018-12-19 22:08:56'),
(227, 14, 'Juana Lesch', 'Blanditiis voluptatem perferendis impedit dignissimos consectetur dolor quo. Odit fugiat quam minus pariatur est velit. Molestiae soluta ut ea blanditiis modi consectetur aut. Deserunt rerum dolor totam consequatur. Natus molestias ut velit quos reiciendis reprehenderit officiis.', 4, '2018-12-19 22:08:56', '2018-12-19 22:08:56'),
(228, 28, 'Mrs. Aylin Hane', 'Sint quaerat facere magni odit magnam odio. Doloremque quis cumque aliquam praesentium sed. Omnis rerum adipisci quibusdam ea. Tenetur temporibus quia cum ea aut.', 3, '2018-12-19 22:08:56', '2018-12-19 22:08:56'),
(229, 8, 'Mr. Ezra Carter Sr.', 'Aliquam explicabo qui omnis dolor. Reiciendis consectetur rem ipsa dolorum. Quia beatae quasi aperiam nisi rerum veritatis. Expedita sit quisquam at modi ut eum.', 4, '2018-12-19 22:08:56', '2018-12-19 22:08:56'),
(230, 7, 'Prof. Mikel Abbott', 'Dolor dolores at aut eligendi recusandae temporibus non. Enim in fuga libero. Enim ab laudantium sed ut cumque harum animi. Et earum voluptates ea sed incidunt.', 3, '2018-12-19 22:08:56', '2018-12-19 22:08:56'),
(231, 43, 'Prof. Chelsey Von III', 'Numquam omnis accusantium et non veritatis nemo. Rerum facere vel animi. Nam impedit fugit in voluptatem ipsa.', 3, '2018-12-19 22:08:56', '2018-12-19 22:08:56'),
(232, 21, 'Prof. Jarred Pfannerstill I', 'Cum nulla ut voluptatem. Dicta itaque ut cum at dolor. Dicta nihil maxime incidunt amet.', 2, '2018-12-19 22:08:56', '2018-12-19 22:08:56'),
(233, 34, 'Mr. Sheldon Dickinson', 'Quibusdam temporibus esse atque. Aut aspernatur natus nobis explicabo nihil quae enim.', 3, '2018-12-19 22:08:56', '2018-12-19 22:08:56'),
(234, 15, 'Prof. Marjolaine Douglas V', 'Dolore eos a consequatur fugit maxime qui et odio. Sequi similique nihil exercitationem qui maiores quia. Aut facilis in nobis sint tempore. In sint quia quibusdam nihil temporibus ex ea qui.', 5, '2018-12-19 22:08:56', '2018-12-19 22:08:56'),
(235, 36, 'Prof. Wendell Jaskolski', 'Facere consequatur in perferendis ut. Est nesciunt alias ut velit non natus. Enim modi quos qui at quia delectus non. Excepturi quia natus praesentium deserunt amet.', 4, '2018-12-19 22:08:56', '2018-12-19 22:08:56'),
(236, 47, 'Reed Feeney', 'Vel illum consequatur deserunt dolor asperiores. Repellat magnam doloremque sit voluptatem. Enim nam quisquam voluptates deserunt ea consequatur et.', 5, '2018-12-19 22:08:56', '2018-12-19 22:08:56'),
(237, 25, 'Dr. Delaney Rempel', 'Quo ut quia est veniam ducimus. Est maiores maxime harum reprehenderit. Voluptas odio qui beatae non natus.', 2, '2018-12-19 22:08:56', '2018-12-19 22:08:56'),
(238, 43, 'Macey Kuhlman', 'Minima ea ut sunt aperiam sequi. Ea libero ducimus minima vero quia velit. Voluptatem qui autem quam. Est ea est facilis officia sed quos. Aut optio accusamus atque et officia earum reprehenderit.', 5, '2018-12-19 22:08:56', '2018-12-19 22:08:56'),
(239, 12, 'Verner Welch', 'Aliquid vero qui alias dolorem eum. Ipsa nemo animi ullam ipsam enim molestiae. Doloribus possimus libero sunt voluptatem consequuntur mollitia voluptatem tempore. Consequatur accusantium ab maxime rem aut cumque.', 0, '2018-12-19 22:08:56', '2018-12-19 22:08:56'),
(240, 25, 'Ally DuBuque', 'Totam voluptatibus sequi magni tempore. Dolorum adipisci minima illum incidunt. Suscipit aliquam earum impedit eveniet.', 4, '2018-12-19 22:08:56', '2018-12-19 22:08:56'),
(241, 10, 'Tierra Corwin PhD', 'Explicabo qui dolore voluptatem dolores eveniet. Quibusdam ut dignissimos quis consequuntur. Inventore voluptatem facilis dolor doloremque nostrum animi aut. Praesentium accusantium enim eum facere quia itaque. Non dolor fuga aspernatur cupiditate.', 4, '2018-12-19 22:08:56', '2018-12-19 22:08:56'),
(242, 38, 'Elnora Hermiston', 'Incidunt accusamus et est aut eum voluptas corporis. Suscipit tempora vel impedit eum. Sapiente perferendis illo sint voluptate beatae.', 4, '2018-12-19 22:08:56', '2018-12-19 22:08:56'),
(243, 50, 'Madie Beier', 'Atque et amet magnam nihil maxime itaque est. Consectetur fugiat totam est dolorum. Aperiam minima omnis dolorem exercitationem velit vitae. Et aut officiis quibusdam sit.', 2, '2018-12-19 22:08:56', '2018-12-19 22:08:56'),
(244, 10, 'Savanah Labadie', 'Cumque ut in harum culpa. Aut consequuntur enim autem reprehenderit.', 0, '2018-12-19 22:08:56', '2018-12-19 22:08:56'),
(245, 5, 'Elaina Pagac', 'Ut numquam alias aut illo architecto. In distinctio sint autem dolorem qui nihil et. Eveniet et voluptatem tenetur ut. Dolores vel vel id ut eaque suscipit.', 3, '2018-12-19 22:08:56', '2018-12-19 22:08:56'),
(246, 10, 'Luisa Tromp V', 'Earum quae nobis est et temporibus recusandae ut qui. Minima modi voluptates saepe. Et omnis enim molestiae dolorem repellat sed.', 3, '2018-12-19 22:08:56', '2018-12-19 22:08:56'),
(247, 43, 'Dr. Zander Schiller', 'Reprehenderit et qui asperiores eos itaque accusamus nesciunt. Soluta magnam illum est tempore tenetur. Quos quis et qui optio voluptas sunt quis amet. Qui quas sed temporibus.', 0, '2018-12-19 22:08:56', '2018-12-19 22:08:56'),
(248, 44, 'Jaden Stanton MD', 'Alias illo reiciendis non repellendus et dignissimos. Non porro eius quia minima corrupti ea totam. Nihil recusandae maiores non aperiam consectetur consequatur corrupti. Cupiditate debitis accusantium voluptas voluptatem.', 3, '2018-12-19 22:08:56', '2018-12-19 22:08:56'),
(249, 5, 'Madison Mayer IV', 'Sunt aut deserunt suscipit quidem illum quaerat consequatur. Dolores placeat ratione culpa sit beatae vel. Non modi ipsa et nihil.', 5, '2018-12-19 22:08:56', '2018-12-19 22:08:56'),
(250, 20, 'Elizabeth Ernser', 'Et ea nihil velit et error iusto et omnis. Excepturi exercitationem et laborum est et quis rerum illum.', 2, '2018-12-19 22:08:56', '2018-12-19 22:08:56'),
(251, 22, 'Mr. Alberto Miller', 'Voluptas sint iusto quidem saepe est enim et. Aperiam nam culpa modi excepturi. Dolore sint recusandae quia qui similique. Quia esse enim illum ut amet sit et.', 2, '2018-12-19 22:08:56', '2018-12-19 22:08:56'),
(252, 4, 'Citlalli Kihn', 'Quis quia sed qui corporis molestiae temporibus officia. Ut deserunt ut quos unde quia quia. Soluta illo odio neque sint quod laudantium laboriosam. Cupiditate a et aut libero et.', 3, '2018-12-19 22:08:56', '2018-12-19 22:08:56'),
(253, 16, 'Prof. Jorge Murphy', 'Ipsa et voluptatibus error consequatur sit est sed. Ut et ut autem aut. Ab aut non porro libero possimus voluptatem porro maiores. Dolore provident ut architecto cupiditate occaecati quis velit.', 3, '2018-12-19 22:08:56', '2018-12-19 22:08:56'),
(254, 22, 'Dr. Kacie Graham DVM', 'Ut omnis blanditiis voluptates molestiae. Et accusamus corrupti ipsum odit sed sit inventore illo. Vitae repellat quisquam dolor.', 5, '2018-12-19 22:08:56', '2018-12-19 22:08:56'),
(255, 30, 'Jailyn Fritsch I', 'Ipsam tempora eaque atque ducimus libero. Provident vel dolor eum. Velit dolore minus voluptas iusto necessitatibus est.', 3, '2018-12-19 22:08:56', '2018-12-19 22:08:56'),
(256, 43, 'Isobel Schaefer', 'Officiis optio eos animi omnis odio. Quia eius libero maiores ad quia molestias. Et quis qui est aperiam dolor aut.', 0, '2018-12-19 22:08:56', '2018-12-19 22:08:56'),
(257, 46, 'Amiya Lockman', 'Aliquam possimus et eos excepturi laborum. Ut magnam et est doloremque. Laboriosam et quaerat ut qui. Quos fuga temporibus cumque autem.', 4, '2018-12-19 22:08:56', '2018-12-19 22:08:56'),
(258, 18, 'Janelle Rodriguez', 'Odio odit itaque totam ut ratione. Harum voluptas mollitia eum qui. Animi illum est et deserunt. Eveniet tenetur quaerat facere ut hic alias.', 0, '2018-12-19 22:08:56', '2018-12-19 22:08:56'),
(259, 17, 'Mr. Jensen Satterfield MD', 'Tenetur consequatur enim unde magni quas eos. Fugit dolore exercitationem occaecati voluptas. Ut ut animi rem iusto et eos delectus. Quia voluptas tempore fugiat qui magnam alias libero.', 5, '2018-12-19 22:08:56', '2018-12-19 22:08:56'),
(260, 44, 'Abbey Daugherty', 'Sed quasi et quisquam omnis voluptatibus. Impedit quia harum illo doloribus libero ut commodi.', 3, '2018-12-19 22:08:56', '2018-12-19 22:08:56'),
(261, 26, 'Darron Altenwerth', 'Quas sapiente sed provident tenetur corrupti autem. Illum sint dicta dolorem placeat aut iure. Nisi non perferendis voluptas accusantium exercitationem.', 4, '2018-12-19 22:08:56', '2018-12-19 22:08:56'),
(262, 18, 'Mr. Jerry Dickens', 'Quae iure magnam quo velit. Omnis delectus ab natus est odit maxime autem. Ullam non repellendus minus et fugit eaque quaerat quia. Sit quo ex error iure.', 3, '2018-12-19 22:08:56', '2018-12-19 22:08:56'),
(263, 19, 'Mr. Andre Terry', 'Voluptas non dignissimos doloribus error culpa. Unde eos omnis eos quia assumenda. Voluptas eligendi eligendi reprehenderit facilis facilis. Ea aut dolorum voluptatibus perspiciatis ut.', 0, '2018-12-19 22:08:56', '2018-12-19 22:08:56'),
(264, 50, 'Karson Macejkovic PhD', 'Tempore minima quae doloremque molestiae occaecati itaque assumenda. Fugiat inventore quibusdam in mollitia voluptas. Aut est minima voluptas consequatur. Error et quibusdam consequatur ut explicabo occaecati.', 2, '2018-12-19 22:08:56', '2018-12-19 22:08:56'),
(265, 3, 'Maddison Deckow', 'Voluptatem alias vitae et animi est nisi. Aliquam aspernatur doloremque itaque qui rem. Sequi dolor esse eum a. Perferendis qui adipisci aliquid molestiae sed.', 5, '2018-12-19 22:08:56', '2018-12-19 22:08:56'),
(266, 33, 'Ludwig Cummings', 'Accusamus quaerat placeat dicta dolor voluptates qui neque. Quia repellat sed perferendis ullam. Voluptate in quia amet voluptas facilis fuga.', 4, '2018-12-19 22:08:56', '2018-12-19 22:08:56'),
(267, 35, 'Taurean Schmitt', 'Facere consequatur iure non rem accusantium. Non maxime est et. Molestiae doloribus debitis eum sapiente. Iure ex placeat dolorum nesciunt placeat ducimus harum iste.', 2, '2018-12-19 22:08:56', '2018-12-19 22:08:56'),
(268, 18, 'Newton Konopelski', 'Deleniti aut quia doloremque adipisci voluptates. Nihil eum doloribus dignissimos. Sunt vitae qui omnis veniam unde eum repellendus.', 5, '2018-12-19 22:08:56', '2018-12-19 22:08:56'),
(269, 12, 'Jamison Yost', 'Est aut assumenda quae et ea iure itaque rerum. Voluptas dolores dolores cumque. Deserunt dolores omnis inventore magni recusandae voluptatibus quia. Delectus vel optio eligendi aut et libero aperiam autem.', 4, '2018-12-19 22:08:56', '2018-12-19 22:08:56'),
(270, 32, 'Benedict Sanford III', 'Quo in maxime ipsa assumenda laudantium sed quasi qui. Id ipsum blanditiis quos. Ut rem quia porro voluptates sequi aut voluptas.', 4, '2018-12-19 22:08:56', '2018-12-19 22:08:56'),
(271, 19, 'Glen Larson', 'Perferendis enim architecto iusto molestiae reiciendis ut quia error. Dolorum rerum sint cupiditate nam tempore optio aspernatur. Voluptatem qui praesentium nisi nihil. Optio iste officiis explicabo quaerat.', 5, '2018-12-19 22:08:56', '2018-12-19 22:08:56'),
(272, 49, 'Dr. Keegan Padberg', 'Temporibus culpa quos aliquam quis neque optio tempora. Quia sapiente aliquid omnis ea excepturi. Ut maxime eveniet numquam molestiae quo eum.', 3, '2018-12-19 22:08:56', '2018-12-19 22:08:56'),
(273, 19, 'Alanna Legros', 'In similique esse consequuntur. Debitis ratione itaque sed dolorem modi. Neque magnam quaerat non in velit voluptatem et quia.', 4, '2018-12-19 22:08:56', '2018-12-19 22:08:56'),
(274, 5, 'Tomasa King Sr.', 'Laboriosam aut pariatur expedita. Hic necessitatibus voluptatem culpa possimus dolore. Exercitationem ea dignissimos qui natus soluta consequatur quibusdam. Quo est est et ut sit.', 5, '2018-12-19 22:08:56', '2018-12-19 22:08:56'),
(275, 1, 'Kristina Schamberger', 'Doloribus iste quod ratione. Fuga exercitationem qui perspiciatis temporibus officiis sed quis. Accusantium ex neque ipsa. Fugiat voluptatem nulla est vel sint deserunt.', 2, '2018-12-19 22:08:56', '2018-12-19 22:08:56'),
(276, 16, 'Pablo Herman', 'Officia iusto assumenda laborum aliquid quo. Dolore aut mollitia ullam et id et. Quia dolorem perferendis quam. Veritatis ea laudantium et qui eos est.', 5, '2018-12-19 22:08:56', '2018-12-19 22:08:56'),
(277, 27, 'Ms. Josefina Rodriguez', 'Sit ea minus est temporibus adipisci quam aut. Pariatur modi rem sed officiis ab sunt omnis. Ea accusantium quam voluptates in maiores. Velit tenetur qui fugit dolore error sit id.', 0, '2018-12-19 22:08:56', '2018-12-19 22:08:56'),
(278, 45, 'Boris Nikolaus', 'Facere repellat ut quia qui recusandae ducimus laboriosam qui. Aspernatur sapiente est pariatur eos. Accusantium repellendus laboriosam dolores neque necessitatibus. Culpa asperiores dignissimos sed.', 1, '2018-12-19 22:08:56', '2018-12-19 22:08:56'),
(279, 31, 'Waylon Johnston', 'Quis possimus eius aut sint magnam. Eos nostrum aut explicabo voluptas totam qui. Consequatur beatae iure ducimus et. Autem perspiciatis aut molestiae laborum a.', 4, '2018-12-19 22:08:56', '2018-12-19 22:08:56'),
(280, 33, 'Prof. Carolyn Grimes Sr.', 'Fugiat est aut vel voluptas hic neque. Et ducimus provident ducimus illo ut voluptatem delectus illo. Voluptas aut similique consequuntur aut.', 4, '2018-12-19 22:08:56', '2018-12-19 22:08:56'),
(281, 44, 'Ms. Willow Schuppe', 'Autem laborum nisi dolores accusantium provident odio dignissimos. Ab nostrum distinctio et temporibus aliquam perspiciatis qui iusto. Consequuntur in autem et voluptatem dignissimos. Dolorum error asperiores ullam.', 5, '2018-12-19 22:08:56', '2018-12-19 22:08:56'),
(282, 47, 'Miss Freda Tillman V', 'Est tenetur delectus corporis aspernatur quod. Facere recusandae perferendis alias dolorum eos quidem architecto. Et quia alias dolorem et occaecati. Aut itaque quas sint molestiae autem reiciendis quisquam.', 1, '2018-12-19 22:08:56', '2018-12-19 22:08:56'),
(283, 20, 'Prof. Isaiah Grant', 'Consequatur adipisci iure totam ut consequuntur ab ipsa. Ipsa minima eum sed repudiandae suscipit commodi. Ipsa quia velit sequi illum exercitationem repellendus. Recusandae dolore voluptatem dignissimos quasi voluptas exercitationem.', 0, '2018-12-19 22:08:56', '2018-12-19 22:08:56'),
(284, 39, 'Alexis Bernhard', 'Sed quis quia accusamus labore minima quae repellendus. Laboriosam labore dolor itaque possimus dolores est quidem.', 1, '2018-12-19 22:08:56', '2018-12-19 22:08:56'),
(285, 29, 'Ludie Hammes', 'Magnam et molestiae accusamus vel nemo doloribus sint. Facere dolorem aut officiis ut vitae. Dolor maxime aut ipsa et occaecati.', 5, '2018-12-19 22:08:56', '2018-12-19 22:08:56'),
(286, 10, 'Blanche Feest DDS', 'Eos repellendus reprehenderit blanditiis consequatur aliquam ipsum. Velit reiciendis dolorum qui nam eum qui exercitationem doloribus. Nihil id molestias repellat. Sunt sapiente nobis laborum molestiae distinctio.', 2, '2018-12-19 22:08:56', '2018-12-19 22:08:56'),
(287, 42, 'Coby Morissette I', 'Ipsa magni perspiciatis laudantium quis delectus est. Facilis recusandae sunt nulla beatae libero blanditiis ut non. Id aut est ducimus non cupiditate sint. Et neque quia aut ut eaque.', 3, '2018-12-19 22:08:56', '2018-12-19 22:08:56'),
(288, 36, 'Catharine Boyer', 'Occaecati beatae dolorem recusandae distinctio laudantium id beatae delectus. Modi voluptas ex nobis eos quia ipsam.', 1, '2018-12-19 22:08:56', '2018-12-19 22:08:56'),
(289, 38, 'Katarina Kuhn Sr.', 'Labore repellat tempore et deleniti voluptas omnis ipsum. Voluptas eum laudantium laborum voluptatem. Sunt qui ut repellendus quod similique.', 0, '2018-12-19 22:08:56', '2018-12-19 22:08:56'),
(290, 17, 'Abbigail Gerlach', 'Tempora et vel et laboriosam qui. Et iusto qui et quaerat et. Sapiente inventore reiciendis quia sequi facere perferendis qui error. Dolore aperiam sit tenetur facilis est.', 2, '2018-12-19 22:08:56', '2018-12-19 22:08:56'),
(291, 28, 'Dr. Donny Green', 'Dolorum est ad minima ut laboriosam laudantium. Corporis nesciunt excepturi ullam molestiae aliquam. Aliquid minus laboriosam eveniet aut. Dolore voluptatum quaerat ipsa ut illo et accusamus. Voluptatem qui quia minima commodi dolores ducimus.', 5, '2018-12-19 22:08:56', '2018-12-19 22:08:56'),
(292, 13, 'Miss Shemar Bernhard Jr.', 'Velit doloribus error rerum. Est enim nihil aut explicabo. Aut voluptas est libero iusto et sunt.', 5, '2018-12-19 22:08:56', '2018-12-19 22:08:56'),
(293, 5, 'Elsa Douglas', 'Unde vel aut et provident. Quae iure et labore. Sit facilis nihil qui et ratione tempora. Quo perspiciatis ipsa enim dolorem nam.', 1, '2018-12-19 22:08:56', '2018-12-19 22:08:56'),
(294, 33, 'Richie Simonis', 'Dolor vel repellat ut culpa. Culpa corrupti qui porro consectetur porro illo. Provident inventore recusandae laboriosam sed qui beatae veniam sint.', 4, '2018-12-19 22:08:56', '2018-12-19 22:08:56'),
(295, 18, 'Cortez Buckridge', 'Cum et totam rem facilis doloribus nostrum. Natus voluptate dolor eum culpa unde ipsa illum. Similique dolorem asperiores soluta quia voluptatem.', 4, '2018-12-19 22:08:56', '2018-12-19 22:08:56'),
(296, 16, 'Felipe Pagac', 'Est et explicabo quis. Incidunt in maiores nobis facilis incidunt labore quisquam. Dolorum aut voluptatem beatae ad consequatur aspernatur amet recusandae. Doloribus velit ea error repudiandae.', 2, '2018-12-19 22:08:56', '2018-12-19 22:08:56'),
(297, 9, 'Jeanie Schmidt', 'Eum ipsam quidem voluptatem. Aut tempore voluptas delectus est officiis quia explicabo. Aut vel libero iste eaque.', 5, '2018-12-19 22:08:56', '2018-12-19 22:08:56'),
(298, 50, 'Merritt Reichert I', 'Dolores voluptatem aperiam corporis consequatur tempore. Neque ut itaque accusantium quis sint sunt. In dolores neque id non. Repellendus porro nihil porro nulla sed ut voluptatibus itaque.', 2, '2018-12-19 22:08:56', '2018-12-19 22:08:56'),
(299, 29, 'Geoffrey Spinka', 'Dolore impedit perferendis atque inventore et ducimus necessitatibus eligendi. Maiores repudiandae repellat laboriosam quo rem et deleniti. Debitis magni consequatur dicta odit neque debitis.', 1, '2018-12-19 22:08:56', '2018-12-19 22:08:56'),
(300, 24, 'Johnson Hamill', 'Natus vero nihil harum maxime temporibus. Beatae officiis reprehenderit cupiditate occaecati libero. Possimus ut repellendus quisquam blanditiis nulla ullam.', 5, '2018-12-19 22:08:56', '2018-12-19 22:08:56');

-- --------------------------------------------------------

--
-- Table structure for table `users`
--

CREATE TABLE `users` (
  `id` int(10) UNSIGNED NOT NULL,
  `name` varchar(191) COLLATE utf8mb4_unicode_ci NOT NULL,
  `email` varchar(191) COLLATE utf8mb4_unicode_ci NOT NULL,
  `email_verified_at` timestamp NULL DEFAULT NULL,
  `password` varchar(191) COLLATE utf8mb4_unicode_ci NOT NULL,
  `remember_token` varchar(100) COLLATE utf8mb4_unicode_ci DEFAULT NULL,
  `created_at` timestamp NULL DEFAULT NULL,
  `updated_at` timestamp NULL DEFAULT NULL
) ENGINE=InnoDB DEFAULT CHARSET=utf8mb4 COLLATE=utf8mb4_unicode_ci;

--
-- Indexes for dumped tables
--

--
-- Indexes for table `migrations`
--
ALTER TABLE `migrations`
  ADD PRIMARY KEY (`id`);

--
-- Indexes for table `password_resets`
--
ALTER TABLE `password_resets`
  ADD KEY `password_resets_email_index` (`email`);

--
-- Indexes for table `products`
--
ALTER TABLE `products`
  ADD PRIMARY KEY (`id`);

--
-- Indexes for table `reviews`
--
ALTER TABLE `reviews`
  ADD PRIMARY KEY (`id`),
  ADD KEY `reviews_product_id_index` (`product_id`);

--
-- Indexes for table `users`
--
ALTER TABLE `users`
  ADD PRIMARY KEY (`id`),
  ADD UNIQUE KEY `users_email_unique` (`email`);

--
-- AUTO_INCREMENT for dumped tables
--

--
-- AUTO_INCREMENT for table `migrations`
--
ALTER TABLE `migrations`
  MODIFY `id` int(10) UNSIGNED NOT NULL AUTO_INCREMENT, AUTO_INCREMENT=5;

--
-- AUTO_INCREMENT for table `products`
--
ALTER TABLE `products`
  MODIFY `id` int(10) UNSIGNED NOT NULL AUTO_INCREMENT, AUTO_INCREMENT=51;

--
-- AUTO_INCREMENT for table `reviews`
--
ALTER TABLE `reviews`
  MODIFY `id` int(10) UNSIGNED NOT NULL AUTO_INCREMENT, AUTO_INCREMENT=301;

--
-- AUTO_INCREMENT for table `users`
--
ALTER TABLE `users`
  MODIFY `id` int(10) UNSIGNED NOT NULL AUTO_INCREMENT;
COMMIT;

/*!40101 SET CHARACTER_SET_CLIENT=@OLD_CHARACTER_SET_CLIENT */;
/*!40101 SET CHARACTER_SET_RESULTS=@OLD_CHARACTER_SET_RESULTS */;
/*!40101 SET COLLATION_CONNECTION=@OLD_COLLATION_CONNECTION */;
